Account,Hospital_Associated_encoded,Tot_Sls_Amt,Msa_Dma_encoded,Salesperson_encoded,ST_encoded,Chain_Name_encoded,LMS_Available_Matching_Funds,Prediction,Actual
410092,3,988589.0,139,10,28,38,0.0,1,1
363318,0,132586.0,85,31,16,33,5800.0,1,1
304550,0,412451.0,145,110,48,38,1200.0,1,1
756418,3,421148.0,153,10,28,39,700.0,1,1
410068,3,624629.0,139,10,28,38,0.0,1,1
450395,0,363462.0,52,49,22,37,0.0,1,1
939391,3,462648.0,139,10,28,38,1200.0,1,1
64295,0,106832.0,91,49,23,38,0.0,1,1
211295,11,166597.0,113,122,43,1,1200.0,0,1
522003,0,184495.0,152,65,29,38,1200.0,1,1
57885,0,218763.0,109,74,12,37,1200.0,1,1
588164,3,218818.0,131,6,36,1,1200.0,1,1
307898,6,208660.0,108,122,43,1,0.0,0,1
423327,0,135267.0,152,65,29,39,1154.0,1,1
759298,0,178297.0,135,54,16,39,3600.0,1,1
38661,0,359737.0,98,18,12,38,169.0,1,1
39891,0,162895.0,122,65,29,38,1185.0,1,1
40741,0,341788.0,91,49,48,38,1200.0,1,1
835202,0,189490.0,122,45,12,38,0.0,1,1
487514,0,81402.0,91,49,23,38,0.0,1,1
209862,0,91610.0,135,54,16,37,1200.0,1,1
754892,0,230625.0,98,22,12,37,1170.0,1,1
785195,3,240224.0,200,30,13,39,1200.0,1,1
211955,0,122258.0,87,31,14,27,1200.0,1,1
672355,0,136915.0,41,49,22,38,0.0,1,1
785340,1,291676.0,104,101,14,1,3020.0,0,1
699218,0,277228.0,52,110,22,37,0.0,1,1
755549,0,168850.0,153,49,23,38,992.0,1,1
820009,0,131313.0,91,49,23,38,0.0,1,1
13805,0,198717.0,168,114,26,39,540.0,1,1
358666,0,174633.0,92,31,16,33,5800.0,1,1
423087,0,65420.0,152,22,29,38,1086.0,1,1
19566,0,84056.0,122,45,12,38,0.0,1,1
500168,0,111508.0,122,45,12,38,0.0,1,1
95778,0,211096.0,122,45,12,38,0.0,1,1
322425,0,124358.0,136,18,12,40,1200.0,1,1
118119,0,217302.0,122,45,29,38,2600.0,1,1
988267,0,150372.0,91,49,23,38,0.0,1,1
357999,12,120161.0,133,60,14,38,20164.0,1,1
713685,0,100175.0,98,45,12,38,1200.0,1,1
834844,0,102959.0,135,54,16,39,0.0,1,1
414557,0,467098.0,125,110,48,39,186.0,1,1
570605,0,195497.0,135,54,16,39,1190.0,1,1
396775,3,232298.0,139,10,28,38,0.0,1,1
422980,0,278297.0,105,40,43,38,1200.0,1,1
554423,0,180280.0,104,101,14,34,153.0,1,1
836016,0,99936.0,52,110,22,37,0.0,1,1
510530,0,158169.0,152,22,29,38,1200.0,1,1
27367,0,133206.0,152,65,29,39,1200.0,1,1
775471,0,116724.0,135,54,16,37,1200.0,1,1
819529,0,214215.0,134,110,48,39,3600.0,1,1
175821,0,143682.0,152,65,29,36,1200.0,1,1
556780,0,74624.0,135,54,16,39,3600.0,1,1
755477,0,105678.0,153,49,23,38,975.0,1,1
755518,0,299030.0,153,49,23,38,1062.0,1,1
300743,0,74574.0,135,65,29,38,1200.0,1,1
43372,0,125784.0,152,65,29,37,1200.0,1,1
835794,12,870193.0,52,49,22,38,2584.0,1,1
133186,0,208790.0,87,60,24,38,20164.0,1,1
382554,0,80671.0,135,54,16,38,1200.0,1,1
355639,12,79184.0,133,60,14,38,20164.0,1,1
753770,0,215525.0,145,110,48,39,6634.0,1,1
44634,0,138164.0,85,54,16,37,490.0,1,1
175812,0,55217.0,152,54,16,39,4800.0,1,1
159420,0,120997.0,87,31,14,27,265.0,1,1
420639,0,217443.0,52,49,22,38,2584.0,1,1
29371,0,285125.0,163,65,29,36,16598.0,1,1
954725,0,51161.0,122,22,29,38,0.0,1,1
804132,0,119372.0,135,54,16,39,1016.0,1,1
826265,0,234684.0,172,90,13,39,1200.0,1,1
181424,0,138940.0,85,31,16,38,1200.0,1,1
30676,3,253285.0,113,15,43,39,4800.0,1,1
193275,1,128451.0,149,14,18,2,6000.0,1,1
274809,12,168099.0,133,60,14,38,20164.0,1,1
786953,0,281618.0,104,60,14,1,1200.0,0,1
204159,0,92383.0,152,22,29,38,1123.0,1,1
250522,0,149729.0,163,86,5,37,1190.0,1,1
484093,0,154031.0,173,82,26,38,1200.0,1,1
738362,3,233966.0,89,66,23,34,0.0,1,1
56846,0,39299.0,136,18,12,38,1200.0,1,1
752474,0,108089.0,152,65,29,38,2400.0,1,1
628368,3,140686.0,91,66,23,34,9600.0,1,1
60830,3,599539.0,33,9,34,34,1200.0,1,1
496679,0,54622.0,98,18,29,38,646.0,1,1
91489,0,26679.0,41,49,22,22,1200.0,1,1
635706,0,117939.0,152,65,29,37,0.0,1,1
307310,0,54987.0,152,65,29,38,3590.0,1,1
698326,3,108483.0,89,66,23,34,9600.0,1,1
698898,3,124307.0,89,66,23,34,9600.0,1,1
626222,3,164799.0,89,66,23,34,9600.0,1,1
568309,0,86215.0,135,54,16,38,1070.0,1,1
697942,3,145316.0,144,66,23,34,9600.0,1,1
784847,0,195253.0,87,101,14,1,0.0,0,1
976688,0,13509.0,91,49,23,38,2400.0,1,1
931348,0,43191.0,98,18,12,10,1200.0,1,1
611388,0,129300.0,87,101,24,39,400.0,1,1
44958,0,129397.0,152,22,29,36,16598.0,1,1
713739,0,66189.0,135,54,16,39,0.0,1,1
418793,0,286612.0,42,75,17,7,1200.0,0,1
743816,0,62485.0,122,45,29,38,7050.0,1,1
287580,0,96059.0,169,90,13,39,1200.0,1,1
131181,0,22559.0,135,54,16,39,3600.0,1,1
690656,3,244834.0,89,66,23,34,0.0,1,1
787350,1,227104.0,104,101,14,1,3020.0,0,1
291531,0,84842.0,122,22,29,38,0.0,1,1
751896,1,142336.0,104,101,14,1,3020.0,0,1
170480,1,166373.0,128,95,43,38,1200.0,1,1
538363,1,424829.0,41,108,22,38,650.0,1,1
698016,3,88631.0,89,66,23,34,9600.0,1,1
636225,0,97256.0,152,65,29,36,16598.0,1,1
402374,3,367624.0,15,113,34,36,1200.0,1,1
357434,0,71329.0,152,65,29,38,3590.0,1,1
288445,3,204012.0,27,9,34,37,1200.0,1,1
612359,3,299250.0,54,9,34,37,1200.0,1,1
647135,0,242776.0,87,101,24,39,200.0,1,1
697944,3,92746.0,89,66,23,34,9600.0,1,1
368961,0,89384.0,152,54,16,39,4800.0,1,1
835803,12,227043.0,52,49,22,38,2584.0,1,1
265137,1,151448.0,149,14,18,2,6000.0,1,1
624397,0,136102.0,109,74,12,36,3600.0,1,1
175819,0,78851.0,152,65,29,36,1200.0,1,1
352636,12,172689.0,95,31,24,33,1200.0,1,1
455449,0,63253.0,152,65,29,38,2400.0,1,1
215161,0,71334.0,122,122,12,56,0.0,1,1
464710,3,236780.0,140,23,1,1,150.0,1,1
576037,0,33992.0,91,49,48,38,0.0,1,1
414716,0,139754.0,153,10,28,38,0.0,1,1
571372,0,154058.0,135,54,16,38,0.0,1,1
557220,12,183778.0,84,31,24,33,1200.0,1,1
835219,0,461518.0,152,65,29,36,16598.0,1,1
103012,12,165157.0,95,31,24,33,1200.0,1,1
413857,3,323484.0,42,106,17,7,0.0,0,1
634056,3,102324.0,91,66,23,34,0.0,1,1
103691,12,116637.0,84,31,24,33,1200.0,1,1
13192,3,328179.0,139,10,28,38,0.0,1,1
448811,12,259835.0,145,62,48,39,0.0,1,1
722911,0,306035.0,145,110,48,39,0.0,1,1
545145,0,88392.0,152,54,16,37,1200.0,1,1
386308,0,92583.0,135,54,16,39,1200.0,1,1
302650,2,138021.0,135,54,16,37,0.0,1,1
512175,12,102375.0,131,54,16,37,1200.0,1,1
517683,0,91298.0,109,74,12,36,3600.0,1,1
581585,0,118300.0,135,54,16,39,4800.0,1,1
424168,0,41563.0,152,65,29,38,3590.0,1,1
653093,10,80457.0,95,31,24,1,1200.0,0,1
213210,0,65731.0,135,22,16,38,1200.0,1,1
641174,0,95617.0,91,49,48,38,1200.0,1,1
834542,12,152125.0,135,54,16,38,1200.0,1,1
713189,0,54520.0,152,22,29,36,1000.0,1,1
286014,1,209604.0,149,14,18,2,6000.0,1,1
768237,0,384770.0,140,35,1,1,1200.0,1,1
539380,0,4719.0,91,49,23,38,2400.0,1,1
828605,3,88598.0,185,39,4,36,2400.0,1,1
98411,1,334801.0,185,39,4,36,0.0,1,1
31384,3,149442.0,193,102,4,36,1200.0,1,1
832523,3,81681.0,185,39,4,36,2400.0,1,1
65372,0,135040.0,190,42,4,50,0.0,1,1
965648,0,136973.0,190,42,4,50,0.0,1,1
217968,3,151025.0,163,55,5,37,502.0,1,1
442400,0,131920.0,52,49,22,38,1200.0,1,1
975317,1,233750.0,185,120,4,36,1200.0,1,1
169685,0,57685.0,136,18,12,40,1200.0,1,1
169846,0,86967.0,98,18,12,40,1200.0,1,1
344429,0,104459.0,136,18,12,40,1200.0,1,1
915547,0,252162.0,122,22,29,36,16598.0,1,1
441469,0,215651.0,144,49,48,38,4896.0,1,1
47662,0,98687.0,109,74,12,38,1200.0,1,1
284675,3,385494.0,12,76,7,8,0.0,0,1
408339,0,160431.0,113,15,43,39,4800.0,1,1
717103,0,92381.0,113,15,43,39,0.0,1,1
97657,0,162551.0,135,54,16,38,1200.0,1,1
392529,3,1282624.0,163,86,5,33,1200.0,1,1
479751,10,400602.0,171,86,29,59,1200.0,1,1
12456,12,127775.0,172,90,13,39,8400.0,1,1
14643,12,120665.0,172,90,13,39,8400.0,1,1
221720,12,56308.0,172,90,13,39,8400.0,1,1
759625,12,228245.0,172,90,13,39,8400.0,1,1
338489,15,114172.0,120,6,36,34,1200.0,1,0
988270,15,196386.0,125,110,48,38,0.0,1,0
649444,15,71941.0,29,32,9,37,0.0,0,0
646974,15,169261.0,131,6,36,34,1200.0,1,0
419869,15,501473.0,123,89,9,2,903.0,0,0
201120,15,285160.0,107,81,43,1,2390.0,0,0
390217,15,125057.0,2,52,34,21,0.0,0,0
630588,15,76434.0,2,111,31,20,2200.0,0,0
565679,15,49131.0,159,24,11,38,0.0,1,0
757418,1,99193.0,12,46,49,22,2400.0,0,0
418366,15,25279.0,119,78,17,6,537.0,0,0
801395,1,87954.0,104,41,24,1,1200.0,0,0
305483,15,194975.0,120,56,36,34,0.0,1,0
247448,15,143854.0,120,87,36,34,827.0,1,0
983031,15,286792.0,13,36,20,23,1200.0,0,0
736955,15,248637.0,185,120,4,40,0.0,1,0
638336,15,23984.0,2,111,34,20,2200.0,0,0
133377,15,55098.0,12,100,45,2,1048.0,0,0
417668,15,172652.0,104,78,17,39,1998.0,1,0
4861,15,418752.0,112,64,25,1,1200.0,0,0
638597,15,-1541.0,40,105,9,37,600.0,0,0
250602,15,156399.0,25,107,10,2,0.0,0,0
426845,15,162278.0,119,78,17,7,1184.0,0,0
655150,15,187091.0,43,72,35,2,8600.0,0,0
774172,15,473.0,119,78,15,6,0.0,0,0
761655,15,138936.0,102,23,1,1,1200.0,0,0
343663,15,144209.0,22,11,39,37,0.0,0,0
557932,15,295874.0,5,26,38,34,800.0,0,0
838373,15,188761.0,102,38,1,2,0.0,0,0
628625,15,86400.0,2,92,34,21,1190.0,0,0
568804,15,115871.0,29,58,9,2,800.0,0,0
298184,15,69649.0,116,68,18,1,0.0,0,0
517019,0,337251.0,180,50,3,39,590.0,1,0
27649,15,268025.0,144,66,48,38,1200.0,1,0
187465,15,92467.0,187,69,4,36,289.0,1,0
263465,3,177734.0,42,75,17,7,0.0,0,0
378410,15,205484.0,2,16,34,20,0.0,0,0
759038,15,220184.0,140,23,1,2,1200.0,0,0
445788,15,222580.0,97,95,43,39,594.0,1,0
647124,15,11460.0,126,109,42,6,1190.0,0,0
414285,15,189536.0,30,109,17,6,4524.0,0,0
534817,15,84081.0,2,92,34,21,1200.0,0,0
39449,15,404973.0,30,96,15,22,1133.0,0,0
712866,0,99951.0,142,104,2,1,600.0,1,0
163101,15,149284.0,120,87,36,34,0.0,1,0
303386,15,146609.0,29,32,9,12,0.0,0,0
557765,15,55924.0,97,71,43,1,0.0,0,0
80135,15,162898.0,147,98,25,37,1025.0,1,0
268742,15,233899.0,12,100,20,22,1200.0,0,0
800262,3,596044.0,87,41,24,2,10194.0,1,0
83242,15,40824.0,185,4,4,39,1200.0,1,0
716372,15,0.0,72,103,8,22,0.0,0,0
278019,15,16667.0,2,122,31,36,0.0,0,0
902470,15,388622.0,25,23,10,2,1200.0,0,0
142960,15,14029.0,6,61,22,36,0.0,0,0
536685,15,251268.0,2,9,34,34,0.0,0,0
931915,15,291550.0,114,68,18,39,798.0,1,0
152131,15,55410.0,92,31,16,36,1200.0,1,0
174780,15,144107.0,102,99,1,2,1060.0,0,0
557888,15,53476.0,185,4,4,38,1200.0,1,0
16550,15,177034.0,191,17,47,39,1200.0,1,0
775971,15,168622.0,93,62,48,38,1156.0,1,0
746425,15,15691.0,94,7,43,37,400.0,1,0
718282,15,187006.0,12,46,45,22,1200.0,0,0
974211,15,568308.0,35,116,9,12,1200.0,0,0
171549,1,238484.0,126,109,17,22,0.0,1,0
557854,15,41751.0,35,32,9,1,1200.0,0,0
397425,1,4478.0,130,104,36,15,1200.0,1,0
595225,15,121048.0,25,107,10,36,12000.0,1,0
452350,15,174901.0,191,17,47,38,1200.0,1,0
556954,15,51221.0,182,27,4,36,0.0,1,0
318054,15,27918.0,177,79,44,38,1200.0,1,0
198522,15,205491.0,97,95,43,51,1200.0,1,0
536080,15,17266.0,9,70,38,37,1200.0,0,0
371796,15,158352.0,144,74,48,1,1200.0,0,0
15822,15,83319.0,185,27,4,36,0.0,1,0
774227,15,36763.0,40,105,9,1,180.0,0,0
897228,2,162045.0,67,12,40,11,1200.0,0,0
65410,15,224273.0,47,51,40,1,1200.0,0,0
346776,15,338400.0,82,88,14,39,0.0,1,0
766255,15,322798.0,138,98,1,1,1200.0,0,0
746298,15,38003.0,34,11,6,37,200.0,0,0
837718,15,459025.0,6,2,22,36,334.0,0,0
42541,15,317159.0,131,6,36,38,1200.0,1,0
188186,15,132143.0,67,12,40,2,1200.0,0,0
944685,15,185849.0,115,68,18,38,1140.0,1,0
300621,15,7803.0,2,111,34,20,0.0,0,0
167809,1,402871.0,12,122,49,22,0.0,0,0
623987,15,105293.0,138,13,1,2,1200.0,0,0
182068,15,5167.0,30,109,15,22,0.0,0,0
175175,5,179531.0,199,42,4,37,2400.0,1,0
486081,15,198783.0,144,74,48,1,1200.0,0,0
647139,15,13874.0,185,39,4,36,1200.0,1,0
199649,15,209873.0,107,15,43,1,1200.0,0,0
117890,1,410764.0,96,14,18,2,1190.0,0,0
624121,15,19518.0,185,120,4,37,1200.0,1,0
769567,15,53085.0,82,34,14,39,1000.0,1,0
231550,15,103088.0,21,12,40,1,1200.0,0,0
693184,15,327959.0,132,91,25,1,1200.0,0,0
32813,15,213043.0,39,43,34,37,1200.0,0,0
766159,15,174730.0,126,35,42,1,1200.0,0,0
29845,15,97346.0,60,89,9,37,1200.0,0,0
149440,15,263754.0,35,116,9,1,0.0,0,0
121439,10,244046.0,51,2,22,22,2415.0,0,0
515842,15,211822.0,29,58,9,1,1200.0,0,0
213706,15,118048.0,21,51,40,1,0.0,0,0
519792,15,206681.0,142,104,2,2,1200.0,0,0
89201,15,63374.0,29,32,9,38,0.0,0,0
983920,15,198007.0,187,69,4,37,0.0,1,0
424109,15,22225.0,40,105,9,1,1200.0,0,0
898701,15,31860.0,5,52,8,37,0.0,0,0
180043,15,285029.0,47,51,40,2,818.0,0,0
354620,15,293436.0,102,38,1,2,112.0,0,0
732559,10,554036.0,87,101,14,1,1200.0,0,0
635953,15,321495.0,44,9,19,37,1200.0,0,0
159662,15,269439.0,140,23,1,1,1200.0,0,0
13990,1,179778.0,196,0,4,38,1190.0,1,0
746265,15,60797.0,113,15,43,25,0.0,0,0
806522,15,433619.0,42,109,17,38,2056.0,0,0
415485,15,166822.0,12,100,45,22,0.0,0,0
184322,15,133102.0,6,2,22,36,1200.0,0,0
117883,15,91971.0,49,32,9,1,1200.0,0,0
563210,15,208469.0,2,111,6,37,1200.0,0,0
766480,15,243555.0,143,13,1,2,1100.0,0,0
807282,15,77556.0,25,93,10,2,8000.0,0,0
416754,15,252337.0,57,2,35,7,0.0,0,0
429905,15,584.0,40,105,9,1,0.0,0,0
712876,15,587731.0,97,95,43,1,2200.0,0,0
214839,15,420206.0,152,65,29,36,16598.0,1,0
238179,15,120782.0,35,116,9,1,1200.0,0,0
781622,15,179166.0,17,113,38,38,1200.0,0,0
348255,15,7489.0,185,120,4,52,0.0,1,0
248885,15,74928.0,118,60,14,37,0.0,1,0
417400,15,8476.0,40,116,9,1,0.0,0,0
761086,15,492809.0,140,23,1,1,1200.0,0,0
280281,0,65534.0,80,112,49,17,1200.0,1,0
984799,15,391646.0,13,36,20,23,1040.0,0,0
774249,15,0.0,35,116,9,1,0.0,0,0
746520,15,80028.0,23,94,10,2,0.0,0,0
557848,15,63192.0,185,118,4,36,0.0,1,0
707411,15,212870.0,51,8,22,36,0.0,0,0
419920,15,232005.0,42,109,17,6,0.0,0,0
169252,15,249299.0,40,105,9,36,2400.0,0,0
480015,15,373249.0,185,118,4,36,878.0,1,0
166266,15,202961.0,197,42,4,36,1146.0,1,0
456195,15,38748.0,25,107,10,36,12000.0,1,0
837084,15,342021.0,31,89,9,1,0.0,0,0
208274,15,78279.0,82,88,14,39,2400.0,1,0
166182,15,324004.0,31,44,10,2,1200.0,0,0
418044,11,184082.0,49,32,9,1,1190.0,0,0
630653,15,93599.0,181,59,32,39,1200.0,1,0
738559,15,62150.0,41,108,22,37,0.0,0,0
44081,15,258232.0,82,34,14,38,1200.0,1,0
73045,15,20208.0,185,27,4,39,1200.0,1,0
693024,15,184084.0,30,109,17,1,0.0,0,0
63492,15,205272.0,185,97,4,37,1200.0,1,0
688237,15,216307.0,34,111,6,34,1200.0,0,0
312724,15,31860.0,102,38,1,2,0.0,0,0
936001,15,201089.0,34,11,6,33,582.0,0,0
431403,15,141026.0,91,66,23,38,1200.0,1,0
267349,15,472007.0,102,23,1,1,1200.0,0,0
981144,15,84184.0,5,26,38,25,0.0,0,0
769573,15,54814.0,2,29,31,24,600.0,0,0
762090,15,177577.0,102,99,1,1,1200.0,0,0
207270,15,94875.0,97,71,43,36,0.0,1,0
892775,15,143352.0,185,102,4,39,1200.0,1,0
236515,15,87144.0,102,99,1,1,1200.0,0,0
557574,15,772.0,49,32,9,1,0.0,0,0
268059,15,141897.0,122,45,12,38,2600.0,1,0
165355,15,197087.0,120,87,36,34,1200.0,1,0
588682,15,33108.0,2,84,31,20,1200.0,0,0
221542,15,18985.0,12,100,20,22,1200.0,0,0
777511,15,277582.0,17,113,38,39,1200.0,0,0
760820,15,0.0,140,23,1,1,0.0,0,0
538263,15,268681.0,2,111,34,26,562.0,0,0
28540,15,49372.0,193,102,4,53,0.0,1,0
630883,15,209365.0,136,45,12,12,1200.0,0,0
420511,15,113645.0,16,109,17,6,3600.0,0,0
746268,15,202878.0,6,8,22,36,1200.0,0,0
534852,15,19530.0,25,107,10,36,12000.0,1,0
441345,15,206728.0,153,10,28,38,0.0,1,0
619122,1,223268.0,142,37,2,18,1190.0,1,0
310180,15,128786.0,138,98,1,1,1200.0,0,0
170744,0,154348.0,103,31,24,36,900.0,1,0
713316,15,0.0,97,71,43,1,0.0,0,0
302446,15,150248.0,30,109,17,22,0.0,0,0
905298,15,177438.0,2,16,34,20,0.0,0,0
393309,15,235950.0,7,63,19,36,1327.0,0,0
672645,1,163471.0,185,4,4,36,1200.0,1,0
525540,15,271247.0,182,27,4,36,6897.0,1,0
219771,15,32637.0,2,16,31,20,566.0,0,0
380057,15,361481.0,95,104,2,1,1200.0,0,0
874313,15,69303.0,41,122,22,38,0.0,0,0
21030,15,336198.0,159,24,11,39,1200.0,1,0
754098,15,79288.0,2,16,31,20,1000.0,0,0
769675,15,256051.0,45,121,27,1,400.0,0,0
74401,15,169130.0,50,12,27,37,1025.0,0,0
409001,15,115672.0,2,92,34,26,1098.0,0,0
931117,15,512816.0,34,111,6,34,1200.0,0,0
385106,1,79747.0,131,56,36,39,1200.0,1,0
266852,15,36867.0,185,118,4,39,1200.0,1,0
891503,2,91317.0,20,12,40,2,1200.0,0,0
992506,15,257293.0,25,93,10,1,1200.0,0,0
381845,15,1842274.0,2,84,34,25,1200.0,0,0
461108,15,141638.0,80,3,49,22,1200.0,0,0
714729,15,449868.0,106,40,43,38,0.0,1,0
763501,15,207941.0,102,23,1,1,1200.0,0,0
2071,15,84973.0,191,30,47,39,1200.0,1,0
484781,15,134660.0,40,105,9,12,0.0,0,0
418955,15,342516.0,42,106,17,7,0.0,0,0
630759,15,49119.0,185,120,4,37,867.0,1,0
833838,15,779688.0,18,25,27,1,666.0,0,0
695943,15,151399.0,40,116,9,38,3250.0,0,0
869081,15,219162.0,118,60,14,37,1085.0,1,0
743826,15,75194.0,122,45,12,38,7050.0,1,0
768013,15,0.0,32,73,42,1,0.0,0,0
567196,15,245730.0,159,24,11,36,7575.0,1,0
565196,15,269077.0,114,122,18,1,0.0,0,0
344595,15,247428.0,90,104,2,34,2400.0,1,0
902467,15,236467.0,18,25,27,12,1200.0,0,0
630562,1,97938.0,33,9,34,22,1200.0,1,0
805422,0,334140.0,150,60,14,38,931.0,1,0
43083,0,161102.0,200,30,47,39,1200.0,1,0
104512,15,124080.0,128,95,43,38,1200.0,1,0
770804,15,300759.0,102,99,1,1,0.0,0,0
574350,15,413340.0,159,24,11,38,800.0,1,0
721584,15,31004.0,6,119,22,38,390.0,0,0
340755,3,138996.0,181,59,32,39,1200.0,1,0
623847,15,1765.0,2,11,34,20,1200.0,0,0
427300,15,223455.0,185,118,4,37,1200.0,1,0
1933,0,89841.0,200,115,13,37,1200.0,1,0
241936,15,18228.0,2,84,31,20,1166.0,0,0
623944,15,239108.0,101,104,2,1,800.0,0,0
455931,15,134019.0,145,62,48,37,1200.0,1,0
689988,15,288627.0,113,15,43,1,4800.0,0,0
739703,15,93724.0,6,20,22,27,1200.0,0,0
712941,15,7865.0,2,11,34,36,1000.0,0,0
287258,15,17640.0,185,118,4,37,1200.0,1,0
754102,15,59380.0,2,16,34,20,1000.0,0,0
62481,15,180171.0,102,99,1,1,0.0,0,0
483127,15,63788.0,6,119,22,36,1200.0,0,0
515429,15,340773.0,142,28,2,2,1200.0,0,0
667799,15,112134.0,12,100,20,22,1200.0,0,0
557977,15,831777.0,193,102,4,36,0.0,1,0
356902,0,565312.0,95,31,24,1,930.0,0,0
132952,15,84237.0,131,6,36,39,0.0,1,0
273392,15,37040.0,185,27,4,36,1200.0,1,0
850930,15,161777.0,29,58,9,1,1200.0,0,0
4462,15,198278.0,149,14,18,1,1827.0,0,0
516245,15,213084.0,18,25,27,39,1190.0,0,0
194944,15,88797.0,6,61,22,36,1200.0,0,0
557362,15,98664.0,185,4,4,36,1200.0,1,0
670633,15,50133.0,29,58,9,38,1200.0,0,0
500570,1,158245.0,174,10,41,34,1200.0,1,0
527860,15,87694.0,2,92,34,21,1200.0,0,0
123720,15,88298.0,177,90,44,38,1188.0,1,0
319272,15,321858.0,13,36,20,22,0.0,0,0
461249,15,19433.0,5,26,38,37,1200.0,0,0
423033,15,115463.0,48,2,35,6,1200.0,0,0
630534,15,269365.0,4,94,10,1,1200.0,0,0
646975,15,53621.0,72,103,8,23,0.0,0,0
499094,15,111067.0,18,25,27,1,1200.0,0,0
358999,15,114229.0,150,60,14,38,20164.0,1,0
245907,15,120863.0,65,12,40,2,1200.0,0,0
760696,15,31604.0,2,84,31,20,600.0,0,0
59709,15,159264.0,7,63,19,37,400.0,0,0
210328,0,260552.0,104,78,17,39,1998.0,1,0
267911,15,294004.0,21,51,10,2,0.0,0,0
646839,15,178109.0,107,15,43,39,1200.0,1,0
453048,1,74976.0,112,64,42,1,1200.0,0,0
287393,15,6677121.0,12,100,45,16,0.0,0,0
992593,15,419898.0,135,54,16,36,1200.0,1,0
714496,15,26394.0,40,105,9,37,980.0,0,0
760990,15,435153.0,102,38,1,1,0.0,0,0
299455,1,149790.0,56,73,42,2,1200.0,0,0
994517,15,223901.0,13,121,20,22,200.0,0,0
564118,15,329896.0,177,90,44,39,1200.0,1,0
550332,15,814516.0,163,86,5,37,2400.0,1,0
185610,15,138362.0,29,32,9,55,0.0,1,0
649429,15,350.0,126,78,17,7,0.0,0,0
236756,15,206501.0,43,72,35,1,139.0,0,0
712222,15,79810.0,2,92,34,36,1000.0,0,0
359716,1,84212.0,6,8,22,36,1200.0,1,0
756076,15,102281.0,122,65,29,36,0.0,1,0
418741,15,113217.0,58,112,49,6,1200.0,0,0
364658,15,246965.0,122,45,12,36,1165.0,1,0
489120,15,362073.0,97,71,43,1,0.0,0,0
4229,15,170940.0,146,71,43,37,1200.0,1,0
149808,15,109411.0,145,110,48,38,175.0,1,0
231528,15,312665.0,97,71,43,51,0.0,1,0
623904,15,1526.0,16,72,35,6,749.0,0,0
756484,1,60297.0,154,10,41,39,1200.0,1,0
286667,15,103224.0,2,48,31,37,200.0,0,0
548489,15,178957.0,145,110,48,40,1200.0,1,0
944501,15,88142.0,6,8,22,36,0.0,0,0
712131,15,49730.0,5,52,38,37,957.0,0,0
82397,15,225827.0,113,15,43,1,0.0,0,0
227042,15,196215.0,133,88,14,2,8600.0,0,0
665615,15,435167.0,120,56,36,39,775.0,1,0
715360,15,227956.0,114,68,18,34,600.0,1,0
68308,15,3637.0,6,61,22,39,1200.0,0,0
17730,15,171777.0,6,20,22,27,1200.0,0,0
13113,15,150247.0,59,103,27,23,1200.0,0,0
863518,15,124641.0,29,32,9,1,1200.0,0,0
712940,15,99717.0,186,4,4,36,600.0,1,0
903232,15,252258.0,21,51,10,1,0.0,0,0
333198,15,230221.0,163,86,5,40,0.0,1,0
766187,15,223849.0,23,13,1,2,1200.0,0,0
86749,15,121708.0,142,37,2,2,1200.0,0,0
83886,15,25704.0,185,4,4,53,1200.0,1,0
761030,15,6990.0,195,117,33,52,400.0,1,0
575022,15,139912.0,130,104,2,1,1200.0,0,0
321942,15,91087.0,26,94,10,2,728.0,0,0
59958,15,146104.0,151,64,25,2,1200.0,0,0
624057,15,361248.0,25,107,10,6,1200.0,0,0
761323,15,331671.0,140,35,1,1,0.0,0,0
337378,3,310217.0,24,9,34,37,1200.0,1,0
422336,15,327650.0,42,75,17,7,994.0,0,0
646879,15,41059.0,6,8,22,22,0.0,0,0
836835,15,352769.0,102,77,1,1,1200.0,0,0
248423,15,316532.0,185,97,4,39,1200.0,1,0
724966,15,542.0,2,19,34,21,200.0,0,0
557938,15,128706.0,124,56,36,39,1200.0,1,0
305644,15,40544.0,124,56,36,39,0.0,1,0
193615,15,538221.0,139,114,28,39,1200.0,1,0
371491,15,161834.0,163,86,5,37,1200.0,1,0
483765,15,88603.0,6,2,22,23,5928.0,0,0
503608,15,371361.0,167,82,26,36,0.0,1,0
178792,15,139549.0,12,36,20,27,5461.0,0,0
135239,15,173690.0,185,39,4,36,1200.0,1,0
712510,15,10785.0,119,78,17,7,655.0,0,0
769145,15,138052.0,102,23,1,1,1200.0,0,0
253071,15,48745.0,142,28,2,1,1150.0,0,0
638654,15,98495.0,2,84,31,34,1200.0,0,0
82691,15,86110.0,6,119,22,37,1200.0,0,0
714437,2,1008481.0,135,54,16,37,600.0,1,0
746403,15,141680.0,195,79,33,38,1200.0,1,0
713194,15,127370.0,19,25,27,12,956.0,0,0
712239,15,57196.0,87,101,24,39,1200.0,1,0
514237,15,54156.0,11,70,35,37,0.0,0,0
446138,15,196884.0,177,90,44,38,200.0,1,0
247517,15,210063.0,26,44,10,2,1200.0,0,0
769595,15,49509.0,97,71,43,1,2006.0,0,0
846131,15,201545.0,140,77,1,1,0.0,0,0
179399,12,388101.0,65,51,40,2,99.0,0,0
623837,15,104470.0,49,32,9,0,1000.0,0,0
614671,15,-2748.0,35,116,9,1,0.0,0,0
654076,15,387436.0,169,90,13,39,1200.0,1,0
216069,15,153448.0,84,101,24,37,0.0,0,0
278617,1,245348.0,34,11,6,20,1200.0,0,0
267103,1,186137.0,112,91,25,2,1200.0,0,0
711818,15,13456.0,12,46,45,22,1200.0,0,0
255788,0,230588.0,177,79,44,39,0.0,1,0
45442,1,1289.0,2,122,31,21,1200.0,0,0
902736,15,86213.0,18,25,27,12,0.0,0,0
25136,15,270381.0,6,8,22,36,0.0,0,0
846243,15,279835.0,143,13,1,2,950.0,0,0
638689,15,350488.0,104,101,14,1,223.0,0,0
253544,15,82739.0,165,50,3,39,400.0,1,0
332758,0,208000.0,163,55,5,37,1002.0,1,0
746539,15,65505.0,193,102,4,36,1200.0,1,0
882176,15,277487.0,11,53,35,36,1200.0,0,0
789544,15,189452.0,117,91,25,2,658.0,0,0
997552,15,137591.0,185,120,4,36,0.0,1,0
284284,15,38050.0,97,71,43,1,0.0,0,0
409806,15,146662.0,40,105,9,1,0.0,0,0
22228,5,182135.0,200,30,47,38,3353.0,1,0
338189,15,155835.0,35,116,9,23,0.0,0,0
734446,15,42631.0,87,101,14,37,1200.0,1,0
763215,1,115223.0,25,93,10,1,1200.0,0,0
756914,15,158743.0,11,72,35,1,370.0,0,0
158595,15,63027.0,6,119,22,36,114.0,0,0
125729,15,316370.0,90,104,2,1,1200.0,0,0
334889,15,79691.0,102,38,1,1,745.0,0,0
455067,15,230292.0,34,111,6,34,1200.0,0,0
426906,15,118955.0,156,78,17,1,509.0,0,0
397956,1,182642.0,42,106,17,38,1200.0,1,0
481527,15,23564.0,6,61,22,22,2400.0,0,0
559775,1,110325.0,8,12,40,1,699.0,0,0
672107,15,199447.0,9,3,38,36,1200.0,0,0
74685,15,578366.0,51,108,22,36,11392.0,1,0
197556,15,894213.0,131,6,36,34,400.0,1,0
208294,15,244595.0,82,88,14,36,1176.0,0,0
277186,15,210448.0,105,40,43,38,1200.0,1,0
346528,15,361476.0,36,53,35,36,0.0,0,0
169853,15,69707.0,6,61,22,23,5928.0,0,0
803907,15,76999.0,185,120,4,36,1200.0,1,0
16602,1,83459.0,24,9,46,37,1200.0,1,0
193388,2,174851.0,187,47,4,38,633.0,1,0
331995,15,325.0,94,7,43,1,1200.0,0,0
754419,15,28283.0,195,117,33,52,406.0,1,0
624033,15,104253.0,131,6,36,34,1200.0,1,0
471186,15,64119.0,185,39,4,36,1200.0,1,0
136630,3,692181.0,109,74,12,37,1200.0,1,0
575822,15,47273.0,185,4,4,36,1200.0,1,0
153765,15,140438.0,54,43,34,37,1200.0,0,0
982310,2,296294.0,197,85,4,38,1200.0,1,0
22114,15,315647.0,43,72,35,1,0.0,0,0
189206,15,78193.0,173,82,26,54,0.0,1,0
14501,15,211550.0,108,57,43,1,0.0,0,0
879845,15,247207.0,95,31,24,40,8400.0,1,0
987438,15,450811.0,13,121,20,23,1200.0,0,0
576919,15,44222.0,2,48,31,24,1200.0,0,0
803779,15,153996.0,185,27,4,36,1200.0,1,0
2485,15,504087.0,151,64,25,39,1200.0,1,0
767859,15,38141.0,140,77,1,2,0.0,0,0
570724,15,120875.0,6,20,22,27,0.0,0,0
416597,15,152382.0,28,72,15,1,0.0,0,0
638292,15,174141.0,185,39,4,36,1200.0,1,0
284145,15,15047.0,29,32,9,1,0.0,0,0
462168,1,708707.0,172,90,13,39,8400.0,1,0
638332,15,26025.0,29,32,9,37,1200.0,0,0
64889,15,15863.0,187,69,4,39,1200.0,1,0
624143,15,29509.0,97,71,43,39,757.0,1,0
344212,15,52892.0,13,36,20,22,0.0,0,0
211586,15,325.0,14,122,22,12,1200.0,0,0
13168,15,202709.0,57,72,35,2,0.0,0,0
468161,15,109704.0,102,38,1,1,1200.0,0,0
273311,15,507030.0,149,68,18,37,1200.0,1,0
763753,15,207433.0,23,13,1,1,0.0,0,0
649552,15,35330.0,49,32,9,37,1200.0,0,0
770077,15,194256.0,140,77,1,2,150.0,0,0
762218,15,334457.0,140,35,1,1,1200.0,0,0
26398,15,448438.0,151,64,25,2,1200.0,0,0
716379,15,165953.0,65,12,40,11,400.0,0,0
812088,15,207126.0,6,8,22,36,1200.0,0,0
752666,2,409875.0,131,56,36,39,1200.0,1,0
638331,15,60741.0,152,22,29,36,851.0,1,0
32505,15,110615.0,67,12,40,1,400.0,0,0
403228,15,97701.0,58,112,49,22,3470.0,0,0
198378,15,282725.0,193,102,4,38,0.0,1,0
429207,15,55487.0,40,105,9,12,0.0,0,0
330246,15,263257.0,138,44,1,2,1200.0,0,0
328958,15,254887.0,142,104,2,1,1200.0,0,0
831601,15,105277.0,71,93,10,37,0.0,0,0
416325,1,316527.0,32,106,17,7,3158.0,0,0
54882,15,271958.0,15,113,34,37,3080.0,0,0
173481,15,33539.0,6,2,22,37,1900.0,0,0
968210,15,112203.0,101,28,2,1,1200.0,0,0
160547,15,203449.0,16,75,17,1,1036.0,0,0
433958,15,234786.0,102,99,1,1,1200.0,0,0
161835,15,40746.0,82,88,14,37,1200.0,1,0
769526,15,186041.0,131,6,36,37,600.0,1,0
193312,15,170089.0,140,77,1,2,0.0,0,0
660318,2,44297.0,185,120,4,37,0.0,1,0
333935,15,324169.0,93,34,48,34,0.0,1,0
415413,15,58606.0,16,96,35,6,1166.0,0,0
81564,15,31574.0,6,8,22,36,0.0,0,0
957167,15,739802.0,72,103,20,23,1000.0,0,0
761754,15,32458.0,147,98,25,1,1200.0,0,0
317612,15,87765.0,100,87,36,34,1200.0,1,0
5215,15,200691.0,153,10,28,38,235.0,1,0
904200,15,135821.0,25,93,10,2,8000.0,0,0
4978,15,29823.0,191,83,47,37,1200.0,1,0
824511,15,169797.0,142,28,2,2,1200.0,0,0
234533,1,247055.0,86,13,1,2,989.0,0,0
649701,15,24366.0,35,116,9,1,1200.0,0,0
536738,15,148074.0,29,58,9,38,1200.0,0,0
330208,15,167274.0,2,84,31,20,400.0,0,0
457331,15,46111.0,2,16,34,20,0.0,0,0
268313,2,414276.0,119,78,17,4,0.0,0,0
174302,15,91251.0,185,97,4,17,1200.0,1,0
344254,15,85495.0,131,6,36,39,1200.0,1,0
226855,15,33958.0,35,116,9,1,0.0,0,0
704251,15,265348.0,71,73,42,2,800.0,0,0
265826,15,113797.0,98,18,29,33,0.0,1,0
346454,0,67000.0,139,10,28,38,859.0,1,0
245193,15,166774.0,49,32,9,36,1000.0,0,0
902919,15,203019.0,25,93,10,1,0.0,0,0
763732,15,176408.0,138,98,1,1,1196.0,0,0
428456,15,22517.0,29,32,9,1,0.0,0,0
638285,15,111317.0,182,27,4,34,1000.0,1,0
274298,15,48409.0,2,19,31,24,1200.0,0,0
160849,15,60198.0,14,108,22,37,0.0,0,0
284306,15,62959.0,40,105,9,37,0.0,0,0
190279,15,112498.0,113,15,43,2,1190.0,0,0
174264,15,440426.0,135,54,16,51,1200.0,1,0
867123,15,236289.0,2,11,34,20,2842.0,0,0
541137,15,133444.0,2,11,34,26,2270.0,0,0
712287,15,272445.0,6,2,22,22,753.0,0,0
727980,15,11532.0,93,62,48,39,1190.0,1,0
646854,15,35145.0,2,29,31,25,1200.0,0,0
904007,15,154867.0,65,25,27,2,0.0,0,0
499453,15,104482.0,191,17,47,39,0.0,1,0
638438,15,44044.0,5,52,38,20,1200.0,0,0
985998,15,69570.0,187,47,4,39,1200.0,1,0
169919,15,26406.0,6,119,22,36,1200.0,0,0
74616,1,74873.0,80,46,49,22,1200.0,1,0
10488,15,284900.0,181,40,32,39,1193.0,1,0
526833,15,189625.0,18,25,40,1,968.0,0,0
245289,15,240040.0,34,11,6,37,1200.0,0,0
332139,15,29846.0,25,107,10,1,1200.0,0,0
845910,15,35075.0,153,10,28,38,2000.0,1,0
18521,15,50171.0,35,116,9,1,1200.0,0,0
756227,0,168159.0,154,10,41,39,1186.0,1,0
167287,15,192987.0,94,81,43,1,1200.0,0,0
188325,15,15222.0,94,7,43,1,0.0,0,0
157784,15,529496.0,177,79,44,39,0.0,1,0
361827,15,370999.0,85,31,16,38,1200.0,1,0
35642,15,167132.0,191,83,47,39,1200.0,1,0
348235,15,120729.0,101,91,18,37,1200.0,1,0
647068,15,38110.0,2,111,6,34,1200.0,0,0
828477,1,212372.0,44,9,19,37,1200.0,1,0
765054,15,97739.0,26,94,10,1,0.0,0,0
209707,15,183026.0,18,25,27,11,1200.0,0,0
414715,15,288436.0,62,72,35,7,0.0,0,0
285139,15,107471.0,2,92,34,24,1200.0,0,0
215879,15,30440.0,82,88,14,38,1200.0,1,0
464791,15,161681.0,2,92,34,36,200.0,0,0
54361,15,324263.0,122,65,29,38,1147.0,1,0
588958,15,152969.0,126,21,42,2,921.0,0,0
569590,0,101622.0,135,54,16,37,1196.0,1,0
163314,15,39411.0,185,97,4,38,1200.0,1,0
395469,15,41785.0,82,88,14,39,1200.0,1,0
311750,15,132173.0,126,21,42,7,1200.0,0,0
184000,15,197673.0,14,108,22,37,1190.0,0,0
406425,15,237086.0,2,48,34,21,1200.0,0,0
255379,15,136813.0,201,50,3,1,1200.0,0,0
371549,15,94510.0,40,105,9,37,1095.0,0,0
714440,15,41652.0,165,50,3,37,1000.0,1,0
423732,15,167402.0,62,75,17,7,0.0,0,0
68940,15,173926.0,94,7,43,38,1200.0,1,0
299333,15,157125.0,108,57,43,1,1200.0,0,0
8987,1,209951.0,191,83,47,39,0.0,1,0
427812,15,86979.0,40,105,9,1,1200.0,0,0
848701,15,139241.0,6,20,22,27,1200.0,0,0
258760,15,48275.0,28,96,15,36,1190.0,0,0
58916,15,134745.0,6,119,22,1,863.0,0,0
199971,15,246673.0,113,15,43,39,1200.0,1,0
857066,15,12761.0,2,111,34,20,1190.0,0,0
653028,15,54325.0,159,24,11,34,1000.0,1,0
785503,15,192443.0,84,31,24,2,1200.0,0,0
332148,15,151417.0,7,63,19,37,3600.0,0,0
360209,15,322400.0,87,41,24,2,10194.0,0,0
942494,15,233163.0,71,93,10,1,1200.0,0,0
803611,15,65747.0,2,84,34,25,0.0,0,0
628568,0,203192.0,177,90,13,39,1200.0,1,0
235066,15,183537.0,25,51,10,2,1200.0,0,0
85335,15,102650.0,195,117,33,36,1200.0,1,0
46244,15,263666.0,128,40,43,1,1200.0,0,0
419547,15,263685.0,123,89,9,2,445.0,0,0
87759,15,239480.0,106,40,43,38,1200.0,1,0
282939,15,194377.0,9,53,38,37,0.0,0,0
523357,15,303607.0,140,77,1,1,0.0,0,0
693612,15,235959.0,2,111,34,25,1200.0,0,0
564981,15,212071.0,87,41,24,39,574.0,1,0
767968,15,0.0,71,73,42,1,0.0,0,0
801249,15,342481.0,2,111,34,20,0.0,0,0
692455,15,139879.0,22,11,39,37,0.0,0,0
87575,12,309326.0,25,44,10,1,0.0,0,0
696347,15,334818.0,25,107,10,36,12000.0,1,0
282822,15,307582.0,11,53,35,37,1200.0,0,0
600973,15,124271.0,129,62,48,38,1200.0,1,0
121453,15,75924.0,6,2,22,36,1200.0,0,0
625656,15,162618.0,144,110,48,39,6634.0,1,0
569996,1,91566.0,32,73,42,22,1200.0,0,0
200959,15,233669.0,107,81,43,1,2390.0,0,0
535977,15,550892.0,29,58,9,2,1000.0,0,0
623816,15,166773.0,13,103,20,23,0.0,0,0
94953,15,301539.0,134,49,23,38,0.0,1,0
377962,15,117831.0,185,39,4,36,1000.0,1,0
590535,0,87303.0,200,30,47,38,1200.0,1,0
61890,1,191262.0,142,104,2,1,1200.0,1,0
756422,0,81548.0,9,53,49,7,800.0,0,0
170100,15,197862.0,106,40,43,38,0.0,1,0
179277,15,8499.0,107,81,43,1,1200.0,0,0
924475,15,85969.0,104,101,14,1,3600.0,0,0
561397,15,116966.0,2,19,34,21,1200.0,0,0
862771,15,200798.0,13,103,20,22,1200.0,0,0
282213,15,75315.0,6,119,22,37,1200.0,0,0
435153,0,302211.0,65,51,40,11,1200.0,0,0
456035,15,12834.0,142,37,2,1,1200.0,0,0
503023,15,104900.0,190,67,37,37,1200.0,1,0
557828,15,325.0,118,60,14,38,7400.0,1,0
423572,15,116630.0,40,105,9,12,0.0,0,0
914666,15,160717.0,108,57,43,37,0.0,1,0
150001,15,289032.0,138,98,1,1,1025.0,0,0
746431,15,333506.0,43,72,35,7,717.0,0,0
147979,15,205780.0,128,95,43,15,2400.0,0,0
763264,15,99117.0,29,32,9,1,1200.0,0,0
392905,0,42096.0,163,86,5,37,0.0,1,0
588537,15,83270.0,128,95,43,38,1200.0,1,0
742817,15,160510.0,183,67,37,39,1200.0,1,0
769755,15,63497.0,191,83,47,36,0.0,1,0
774178,15,0.0,2,19,34,21,0.0,0,0
653241,15,154333.0,92,122,24,56,830.0,1,0
773544,15,648279.0,140,23,1,2,1200.0,0,0
378244,15,122005.0,60,89,9,1,0.0,0,0
505751,15,1438753.0,2,16,34,20,0.0,0,0
158788,15,23469.0,2,19,31,20,1200.0,0,0
144276,15,165805.0,120,56,36,39,0.0,1,0
380334,0,141165.0,200,115,47,36,1200.0,1,0
194815,15,44182.0,49,32,9,1,0.0,0,0
986685,15,318024.0,30,109,17,1,1200.0,0,0
754771,15,127200.0,2,48,31,20,4800.0,0,0
763090,1,184658.0,123,89,9,36,2400.0,1,0
930871,15,157571.0,197,85,4,36,1200.0,1,0
491887,15,149635.0,123,89,9,1,1200.0,0,0
746517,15,259492.0,47,51,40,2,831.0,0,0
714274,15,26844.0,131,6,36,34,0.0,1,0
766366,15,417288.0,102,23,1,2,0.0,0,0
319674,15,12201.0,14,122,22,12,1200.0,0,0
712441,15,2480.0,6,8,22,37,0.0,0,0
343047,1,225563.0,100,87,36,34,0.0,1,0
183749,15,46916.0,3,43,34,37,1200.0,0,0
290842,15,172782.0,12,103,20,27,1200.0,0,0
168501,11,224421.0,49,32,9,0,1060.0,0,0
686255,0,56912.0,109,74,12,38,975.0,1,0
712183,15,3628.0,2,92,31,25,800.0,0,0
482362,15,17814.0,6,119,22,36,1200.0,0,0
379620,15,178416.0,31,44,10,2,1200.0,0,0
814882,15,163101.0,87,41,24,22,1190.0,0,0
712138,15,75480.0,185,4,4,36,400.0,1,0
62159,15,19564.0,102,35,1,1,1057.0,0,0
427113,15,325.0,30,109,17,22,0.0,0,0
25342,15,52658.0,113,15,43,1,0.0,0,0
6912,15,78218.0,97,71,43,25,1200.0,0,0
441006,15,127258.0,167,114,26,39,800.0,1,0
275375,15,197723.0,25,93,10,37,1101.0,0,0
213769,1,536315.0,196,0,4,38,0.0,1,0
219457,15,238962.0,42,109,17,7,387.0,0,0
698851,15,146399.0,87,41,24,2,0.0,0,0
514174,15,41518.0,31,89,9,37,0.0,0,0
7347,15,103832.0,102,38,1,2,0.0,0,0
327155,3,299789.0,36,72,35,37,0.0,1,0
489508,15,91667.0,6,2,22,38,1200.0,0,0
422389,15,8741.0,16,96,35,6,0.0,0,0
638451,15,89164.0,185,39,4,36,1200.0,1,0
379430,15,216061.0,163,86,5,39,1200.0,1,0
712783,15,25888.0,163,86,5,38,1200.0,1,0
410172,1,234766.0,42,106,17,38,1200.0,1,0
557084,15,17088.0,74,60,15,38,549.0,1,0
885543,15,170090.0,13,121,20,22,1200.0,0,0
762654,15,142747.0,112,91,25,1,1200.0,0,0
422121,15,180909.0,16,75,17,7,857.0,0,0
197578,15,28553.0,120,56,36,39,1200.0,1,0
21755,15,380247.0,48,2,35,22,0.0,0,0
492421,15,102647.0,9,3,38,37,1200.0,0,0
558157,15,78708.0,120,56,36,39,1025.0,1,0
630548,15,78853.0,11,70,35,6,1159.0,0,0
735854,15,148885.0,159,24,11,39,2800.0,1,0
746538,15,9702.0,185,118,4,36,1000.0,1,0
775865,1,151589.0,87,41,24,2,0.0,0,0
769670,15,7740.0,94,7,43,1,400.0,0,0
36001,15,119055.0,177,90,44,38,1200.0,1,0
656814,0,41155.0,80,112,49,1,1055.0,0,0
190401,15,271570.0,18,51,40,2,1000.0,0,0
615302,15,83346.0,121,40,43,38,1200.0,1,0
357477,15,239733.0,87,60,14,36,6736.0,1,0
588245,15,416960.0,120,56,36,1,0.0,0,0
305666,15,148032.0,138,89,9,1,0.0,0,0
914570,0,112960.0,90,68,18,12,1200.0,1,0
649437,15,64513.0,6,119,22,36,1200.0,0,0
730041,15,228242.0,87,101,14,1,1109.0,0,0
558110,15,350.0,120,87,36,34,1200.0,1,0
241461,15,249078.0,43,72,35,1,1200.0,0,0
774188,15,126678.0,34,111,6,34,400.0,0,0
415896,15,459723.0,43,72,35,7,1200.0,0,0
85498,15,209648.0,117,91,25,1,1200.0,0,0
524490,15,72569.0,13,121,20,22,1200.0,0,0
649643,15,306650.0,129,62,48,39,1200.0,1,0
746891,15,369874.0,34,11,6,39,1190.0,0,0
488632,15,240419.0,2,111,34,20,1200.0,0,0
525925,1,230403.0,112,37,42,1,1200.0,0,0
181344,15,139160.0,32,73,42,6,1200.0,0,0
415144,1,256012.0,56,106,17,7,3158.0,0,0
22399,15,68929.0,6,119,22,23,970.0,0,0
382328,15,350.0,2,48,34,21,0.0,0,0
746531,15,24804.0,6,119,22,37,1200.0,0,0
767804,15,188749.0,164,55,5,37,0.0,1,0
718422,15,226262.0,47,12,40,2,831.0,0,0
557979,15,62487.0,36,72,35,7,1200.0,0,0
649704,15,226697.0,56,73,42,1,1200.0,0,0
183330,15,36697.0,40,116,9,1,1184.0,0,0
505522,15,217354.0,186,4,4,36,962.0,1,0
332243,15,71878.0,49,105,9,12,0.0,0,0
714060,15,157653.0,71,73,42,2,483.0,0,0
784680,15,442249.0,126,21,42,1,1200.0,0,0
537922,15,280660.0,177,79,44,39,0.0,1,0
314253,15,203510.0,28,96,15,7,1200.0,0,0
712831,15,129441.0,11,70,35,6,1200.0,0,0
243335,15,51962.0,94,7,43,1,0.0,0,0
983708,15,179797.0,159,24,11,39,2800.0,1,0
723197,1,88108.0,42,106,17,38,1200.0,1,0
712825,15,146652.0,197,85,4,36,1600.0,1,0
786256,2,332641.0,87,41,24,1,3903.0,0,0
505567,15,726250.0,185,39,4,36,1200.0,1,0
574430,15,68360.0,135,54,16,37,1185.0,1,0
558420,15,152903.0,144,66,48,38,0.0,1,0
768760,15,67343.0,23,13,1,1,0.0,0,0
713787,15,66109.0,185,120,4,39,1200.0,1,0
173833,15,327145.0,185,97,4,38,1200.0,1,0
276578,1,40786.0,177,79,44,39,1200.0,1,0
646853,15,30251.0,2,84,31,9,577.0,0,0
699871,15,232478.0,163,86,5,38,0.0,1,0
182209,15,70938.0,6,20,22,27,0.0,0,0
261366,15,50694.0,185,118,4,36,0.0,1,0
739059,15,252396.0,6,8,22,36,1200.0,0,0
330078,15,544502.0,25,107,10,2,2330.0,0,0
557844,15,4199.0,137,60,14,38,7400.0,1,0
144196,12,241501.0,15,113,34,39,0.0,0,0
203206,15,117034.0,25,107,10,2,2330.0,0,0
611390,15,36279.0,2,16,34,20,1200.0,0,0
445368,15,63478.0,6,119,22,36,1200.0,0,0
341870,15,123378.0,101,68,18,1,0.0,0,0
301400,15,405756.0,47,51,40,2,840.0,0,0
714123,15,52803.0,96,98,25,1,0.0,0,0
384260,15,279656.0,2,48,34,36,1200.0,0,0
436985,15,304578.0,104,78,17,7,1200.0,0,0
419768,15,138625.0,132,91,25,1,1200.0,0,0
490324,15,696270.0,13,36,20,23,1200.0,0,0
17328,15,43871.0,112,64,42,1,1200.0,0,0
74127,15,60720.0,152,65,29,39,1200.0,1,0
845085,15,218184.0,68,32,9,1,0.0,0,0
346874,15,166387.0,142,28,2,1,1200.0,0,0
237948,1,470727.0,197,85,4,34,1200.0,1,0
351584,15,91100.0,96,14,18,1,0.0,0,0
14312,15,129048.0,163,86,5,37,1200.0,1,0
769677,15,210189.0,59,121,27,1,400.0,0,0
649393,15,185415.0,72,103,20,23,1200.0,0,0
558109,15,350.0,120,87,36,34,1200.0,1,0
115002,3,361377.0,95,41,24,22,1200.0,1,0
7032,15,229722.0,102,23,1,1,1190.0,0,0
474413,15,271197.0,2,92,34,26,0.0,0,0
490509,15,396493.0,2,111,34,20,362.0,0,0
766095,15,260954.0,102,38,1,1,150.0,0,0
746359,15,221776.0,140,35,1,1,1200.0,0,0
18071,15,57078.0,185,39,4,36,1200.0,1,0
958364,15,149513.0,25,93,10,36,0.0,0,0
609990,15,62740.0,106,87,36,34,1200.0,1,0
342702,15,238240.0,102,38,1,2,0.0,0,0
930246,15,228476.0,105,40,43,37,0.0,1,0
258062,15,2713617.0,12,103,7,13,400.0,0,0
543729,15,146788.0,41,108,22,37,1200.0,0,0
249706,15,111524.0,88,34,14,51,0.0,1,0
330546,15,82132.0,29,58,9,1,1200.0,0,0
87742,3,167385.0,106,40,43,38,0.0,1,0
279380,0,90472.0,9,70,38,39,1839.0,1,0
546684,15,2020.0,97,71,43,1,0.0,0,0
216980,15,14818.0,35,116,9,1,1200.0,0,0
126953,15,35930.0,49,32,9,0,0.0,0,0
288718,15,33057.0,49,32,9,1,0.0,0,0
434147,15,157274.0,8,94,10,2,1200.0,0,0
712938,15,274838.0,142,104,2,2,0.0,0,0
51048,15,1032608.0,165,50,3,36,0.0,1,0
649544,15,99250.0,29,32,9,22,1200.0,0,0
242391,15,59551.0,25,107,10,1,1200.0,0,0
761020,15,322627.0,102,23,1,1,1200.0,0,0
8169,15,47563.0,200,30,47,38,0.0,1,0
58755,15,135605.0,14,108,22,16,1190.0,0,0
176302,15,91616.0,198,69,4,38,690.0,1,0
568956,15,211619.0,19,25,27,22,1200.0,0,0
774376,15,266178.0,104,78,17,5,0.0,0,0
34603,10,497444.0,14,108,22,37,0.0,0,0
222963,15,297383.0,108,57,43,1,0.0,0,0
902856,15,129891.0,71,23,10,1,170.0,0,0
124933,0,208252.0,132,91,25,1,1200.0,1,0
395774,0,125655.0,154,10,41,38,2145.0,1,0
19340,15,67361.0,6,119,22,37,0.0,0,0
93609,15,59846.0,155,28,2,37,1200.0,1,0
160693,15,188154.0,197,85,4,37,1200.0,1,0
136710,15,100425.0,2,16,34,21,0.0,0,0
360694,15,296843.0,199,85,4,36,1190.0,1,0
370456,15,61038.0,122,65,29,36,1908.0,1,0
292088,15,45207.0,150,101,14,39,0.0,1,0
300204,15,60770.0,12,100,20,13,1200.0,0,0
379372,15,369973.0,90,104,2,1,1200.0,0,0
195298,15,140647.0,35,116,9,22,1180.0,0,0
557935,15,40426.0,157,65,29,36,16598.0,1,0
305505,15,50669.0,40,105,9,1,0.0,0,0
5116,0,383203.0,91,49,48,38,1190.0,1,0
527004,15,342551.0,97,95,43,39,1170.0,1,0
596833,15,265743.0,147,98,25,38,0.0,1,0
422380,15,256379.0,200,115,47,38,1200.0,1,0
308864,15,237788.0,97,71,43,1,0.0,0,0
835661,15,250340.0,129,62,48,38,1200.0,1,0
25503,15,132782.0,108,57,43,1,0.0,0,0
428346,15,413036.0,36,72,35,7,1200.0,0,0
538173,15,130734.0,85,31,16,38,1200.0,1,0
754387,15,20203.0,195,117,33,37,251.0,1,0
193050,15,124164.0,6,2,22,36,1190.0,0,0
769244,15,103464.0,143,13,1,1,1200.0,0,0
867972,15,140241.0,2,111,34,20,1190.0,0,0
526929,15,145325.0,18,25,27,11,1200.0,0,0
129403,15,356493.0,137,74,12,38,2400.0,1,0
327539,15,19865.0,182,27,4,38,1190.0,1,0
769708,15,147839.0,102,23,1,1,1200.0,0,0
871737,15,36492.0,195,117,33,39,1142.0,1,0
717716,15,91655.0,94,7,43,38,1200.0,1,0
23017,15,137157.0,132,91,25,1,2400.0,0,0
916551,15,192852.0,101,68,18,16,0.0,0,0
714284,15,43806.0,185,39,4,36,0.0,1,0
783261,15,297150.0,104,101,14,1,3600.0,0,0
712179,15,241155.0,131,6,36,40,800.0,1,0
260183,15,188235.0,40,105,9,1,610.0,0,0
334466,15,175356.0,122,22,29,37,400.0,1,0
485904,15,77909.0,120,87,36,34,1200.0,1,0
760791,15,34551.0,152,22,29,38,1000.0,1,0
508721,15,283953.0,7,5,19,37,1200.0,0,0
472379,15,170763.0,187,69,4,38,200.0,1,0
45310,1,300947.0,191,17,47,39,60.0,1,0
952655,1,792818.0,15,113,34,37,0.0,1,0
484164,15,202821.0,6,119,22,12,1200.0,0,0
192996,15,994.0,154,10,41,38,0.0,1,0
127209,15,290338.0,126,37,42,39,1200.0,1,0
281086,15,62061.0,153,10,28,38,1200.0,1,0
630605,15,12981.0,6,119,22,38,1200.0,0,0
461982,1,290760.0,171,22,29,36,16598.0,1,0
198683,15,20059.0,97,71,43,1,1200.0,0,0
210276,2,294674.0,131,56,36,39,1200.0,1,0
880233,15,46486.0,185,27,4,36,0.0,1,0
171012,1,289884.0,15,43,34,37,1200.0,1,0
308049,15,465091.0,71,93,10,37,1200.0,0,0
712127,15,60085.0,2,92,34,36,1000.0,0,0
209395,15,297005.0,126,78,17,37,0.0,1,0
607251,15,225853.0,197,42,4,39,1200.0,1,0
108112,15,324500.0,23,44,1,1,1200.0,0,0
2683,15,38232.0,185,102,4,39,0.0,1,0
789926,15,152583.0,104,101,14,1,1190.0,0,0
62970,15,36137.0,45,103,45,23,0.0,0,0
28235,15,78986.0,35,116,9,12,0.0,0,0
806785,15,64108.0,132,64,25,1,1200.0,0,0
765687,3,330257.0,147,98,25,1,1200.0,0,0
458904,15,269794.0,15,113,34,37,3080.0,0,0
716053,15,240731.0,152,22,29,36,400.0,1,0
557547,15,562911.0,86,13,1,1,1200.0,0,0
479680,3,316198.0,14,108,22,22,0.0,0,0
418258,2,124420.0,42,75,17,7,958.0,0,0
769629,15,141934.0,2,111,34,20,200.0,0,0
36954,15,199267.0,37,3,35,37,1200.0,0,0
529649,15,69401.0,2,11,34,21,1190.0,0,0
712407,15,109732.0,28,96,15,1,200.0,0,0
249559,15,153038.0,185,39,4,36,0.0,1,0
400101,15,657301.0,185,120,4,36,0.0,1,0
859849,15,201855.0,126,21,42,1,1200.0,0,0
941862,15,124902.0,2,19,34,26,0.0,0,0
144378,15,163828.0,56,73,42,2,1200.0,0,0
785541,15,303900.0,87,41,24,1,3159.0,0,0
721799,15,504302.0,6,20,22,27,1400.0,0,0
121113,15,97096.0,142,37,2,2,1200.0,0,0
693649,15,356377.0,56,73,42,2,1200.0,0,0
481408,15,90319.0,9,53,38,37,1200.0,0,0
179814,15,224275.0,196,97,4,32,0.0,1,0
384842,15,157527.0,113,15,43,39,4800.0,1,0
959852,15,46004.0,187,69,4,38,0.0,1,0
311275,15,83677.0,25,107,10,2,600.0,0,0
37067,15,252851.0,67,12,40,2,1200.0,0,0
715841,15,108526.0,65,51,40,1,600.0,0,0
712722,15,15218.0,183,67,37,39,0.0,1,0
59228,15,66175.0,2,29,31,20,1200.0,0,0
39709,15,306704.0,140,77,1,2,1200.0,0,0
419484,15,683313.0,97,71,43,1,1200.0,0,0
157575,15,276154.0,132,91,25,1,1200.0,0,0
229654,15,1808.0,137,74,14,38,0.0,1,0
308999,15,136666.0,90,91,18,37,1200.0,1,0
16201,15,322319.0,112,37,42,1,1200.0,0,0
28701,1,54153.0,185,102,4,53,0.0,1,0
86945,15,72255.0,185,27,4,36,1200.0,1,0
612447,15,613721.0,93,34,48,36,7529.0,1,0
129813,1,228295.0,197,85,4,39,2400.0,1,0
278358,15,126165.0,166,82,26,39,1200.0,1,0
471347,15,17526.0,185,39,4,36,1200.0,1,0
460137,15,60854.0,5,52,38,22,1200.0,0,0
557826,15,110354.0,153,49,23,39,1200.0,1,0
101056,15,235189.0,107,15,43,39,943.0,1,0
222539,15,167490.0,120,56,36,39,1053.0,1,0
643327,15,202085.0,130,104,2,1,1200.0,0,0
333118,15,303930.0,67,12,40,2,1200.0,0,0
316502,15,133424.0,185,27,4,36,1200.0,1,0
868969,15,36484.0,6,119,22,22,1200.0,0,0
621168,15,193689.0,183,67,37,39,170.0,1,0
206584,15,53690.0,45,103,45,22,1000.0,0,0
505591,15,204724.0,152,22,29,36,0.0,1,0
831558,0,184469.0,87,41,24,1,3159.0,0,0
703714,15,390607.0,71,73,42,2,800.0,0,0
614820,15,2528613.0,93,34,48,34,800.0,0,0
635565,3,229972.0,98,18,12,38,0.0,1,0
713911,15,13200.0,2,84,31,25,1200.0,0,0
800795,1,101064.0,111,64,42,1,1200.0,0,0
903730,15,67067.0,25,51,10,1,339.0,0,0
69107,15,241829.0,60,89,9,1,1190.0,0,0
224788,15,55145.0,92,31,16,36,1200.0,1,0
416273,15,38929.0,29,32,9,1,1200.0,0,0
778912,15,1467.0,60,89,9,1,1000.0,0,0
168984,15,31961.0,29,58,9,1,1200.0,0,0
274917,15,225114.0,127,15,43,37,1200.0,1,0
544417,15,431554.0,60,89,9,1,2184.0,0,0
179503,15,15341.0,68,105,9,1,0.0,0,0
500330,3,226635.0,112,37,24,1,0.0,0,0
98848,0,239776.0,151,91,25,37,1040.0,1,0
268877,15,232282.0,26,44,10,2,1200.0,0,0
250205,15,212581.0,193,102,4,36,0.0,1,0
424534,2,167385.0,119,78,17,7,1200.0,1,0
728949,15,191579.0,11,70,35,34,0.0,0,0
699542,15,180024.0,134,110,22,37,1200.0,1,0
15610,1,387165.0,98,18,12,38,0.0,1,0
417023,1,164669.0,42,106,17,7,0.0,0,0
761095,15,11695.0,126,21,42,1,1200.0,0,0
425708,15,67582.0,173,82,26,39,538.0,1,0
712164,15,1995912.0,177,79,44,37,1200.0,1,0
577176,15,350.0,2,48,34,21,1200.0,0,0
2352,15,199421.0,200,30,47,38,1200.0,1,0
233636,15,69202.0,85,31,16,38,0.0,1,0
492442,15,59915.0,154,10,41,38,0.0,1,0
227013,3,197131.0,95,31,24,33,1200.0,1,0
279798,15,164397.0,119,78,15,7,0.0,0,0
765744,15,161522.0,143,13,1,1,0.0,0,0
87510,3,88643.0,5,52,38,37,1128.0,1,0
981296,15,383091.0,88,34,14,51,0.0,1,0
73478,15,382113.0,151,91,25,1,1040.0,0,0
471830,15,318916.0,185,39,4,36,400.0,1,0
567872,3,2657128.0,2,92,34,14,2400.0,0,0
242289,15,70908.0,200,30,13,39,1200.0,1,0
746525,15,39315.0,185,118,4,39,1400.0,1,0
25114,15,283502.0,197,85,4,39,1200.0,1,0
768452,15,913834.0,29,58,9,1,0.0,0,0
352083,15,24238.0,97,71,43,1,1200.0,0,0
31110,15,596117.0,25,107,10,2,1200.0,0,0
783807,15,115477.0,137,45,12,1,1200.0,0,0
219375,15,389103.0,94,7,43,17,0.0,0,0
415142,15,107368.0,104,78,17,7,1200.0,0,0
775964,15,82078.0,82,88,14,37,1200.0,1,0
649709,15,64770.0,102,77,1,1,0.0,0,0
458481,15,76895.0,6,20,22,27,1200.0,0,0
182853,15,85193.0,6,2,22,22,0.0,0,0
700387,15,20368.0,96,14,18,34,0.0,1,0
638321,15,94688.0,106,40,36,34,1200.0,1,0
534191,15,982.0,94,7,43,37,1200.0,1,0
87882,15,1120412.0,112,64,42,1,830.0,0,0
307848,15,68462.0,137,88,14,38,1200.0,1,0
763692,15,214067.0,143,13,1,1,1200.0,0,0
482350,15,15033.0,14,61,22,37,1200.0,0,0
250113,15,335679.0,7,63,19,37,0.0,0,0
409433,0,110902.0,153,10,28,38,470.0,1,0
171690,15,32994.0,6,119,22,37,1200.0,0,0
638328,15,58140.0,2,92,34,26,1200.0,0,0
557225,0,122957.0,176,82,26,34,1200.0,1,0
902740,15,101131.0,47,12,40,1,3600.0,0,0
646961,15,122215.0,87,101,14,1,0.0,0,0
472152,15,62463.0,193,102,4,36,945.0,1,0
531336,15,117148.0,2,48,34,26,0.0,0,0
712135,15,172.0,92,31,24,1,857.0,0,0
62326,15,221226.0,72,103,8,23,700.0,0,0
713365,15,39923.0,65,25,27,2,929.0,0,0
713308,15,100897.0,52,49,22,38,0.0,0,0
489660,15,227725.0,6,2,22,36,856.0,0,0
183497,15,41091.0,6,8,22,36,0.0,0,0
761687,1,841920.0,140,23,1,2,0.0,1,0
653050,15,31104.0,185,4,4,36,1200.0,1,0
229493,15,637.0,82,88,14,38,7400.0,1,0
535218,15,57057.0,2,92,34,21,1200.0,0,0
759599,15,182495.0,170,90,50,39,1200.0,1,0
291042,15,312546.0,26,44,10,2,1200.0,0,0
452208,1,299803.0,105,40,43,37,0.0,1,0
16684,15,187109.0,112,37,42,1,0.0,0,0
712124,15,137873.0,151,91,25,2,1200.0,0,0
16280,15,277592.0,7,5,19,38,2400.0,0,0
222174,15,314466.0,100,87,36,34,1064.0,1,0
848113,15,2957.0,6,8,22,22,0.0,0,0
504712,15,103480.0,15,113,34,37,1200.0,0,0
225513,15,217640.0,96,14,18,2,1200.0,0,0
416916,15,3604.0,16,72,35,6,410.0,0,0
769530,15,708.0,131,6,36,37,0.0,1,0
712555,15,304528.0,151,91,25,23,0.0,1,0
588674,15,40749.0,2,84,31,20,1200.0,0,0
316376,15,72227.0,185,118,4,36,400.0,1,0
756413,15,135117.0,9,53,49,7,200.0,0,0
387275,15,75184.0,120,56,36,39,1200.0,1,0
588532,15,10422.0,7,5,19,37,225.0,0,0
285944,15,17277.0,2,92,34,20,1200.0,0,0
439950,1,345959.0,166,82,26,39,1200.0,1,0
786185,3,172973.0,9,53,38,39,2226.0,1,0
267750,15,514686.0,8,94,10,2,1008.0,0,0
299559,15,17356.0,35,116,9,1,0.0,0,0
751870,15,144443.0,6,119,22,36,0.0,0,0
437165,15,154983.0,159,24,11,38,0.0,1,0
152785,0,309641.0,7,63,19,37,1200.0,1,0
623880,15,72474.0,6,8,22,36,0.0,0,0
756423,15,97250.0,51,108,22,36,11392.0,1,0
305797,0,149982.0,136,45,12,38,1200.0,1,0
768026,15,413675.0,102,35,1,2,0.0,0,0
421640,15,63660.0,40,105,9,12,0.0,0,0
712873,15,494092.0,71,77,10,2,1000.0,0,0
34900,3,126743.0,109,74,12,37,1200.0,1,0
628048,15,232478.0,30,109,17,22,1017.0,0,0
461154,15,227033.0,159,24,11,36,7575.0,1,0
760863,15,134440.0,87,101,14,34,759.0,0,0
524901,15,186659.0,13,36,20,27,1200.0,0,0
15205,15,186121.0,140,77,1,1,0.0,0,0
302366,15,125435.0,102,77,1,1,1200.0,0,0
373356,15,330697.0,159,24,11,39,1200.0,1,0
912488,15,264136.0,131,6,36,39,1200.0,1,0
187626,15,16889.0,199,85,4,39,0.0,1,0
614786,15,152386.0,94,7,43,37,0.0,1,0
903560,15,205027.0,56,73,42,1,721.0,0,0
775177,15,237965.0,47,12,40,11,1200.0,0,0
216362,15,140335.0,133,88,14,2,8600.0,0,0
430647,0,108817.0,100,95,43,38,1200.0,1,0
180558,15,534240.0,58,112,49,22,3470.0,0,0
687521,15,472371.0,9,53,38,36,1200.0,0,0
