,Hospital_Associated_encoded,Tot_Sls_Amt,Msa_Dma_encoded,Salesperson_encoded,ST_encoded,Chain_Name_encoded,LMS_Available_Matching_Funds,Prediction,Actual
0,3,988589.0,139,10,28,38,0.0,1,1
1,0,132586.0,85,31,16,33,5800.0,1,1
2,0,412451.0,145,110,48,38,1200.0,1,1
3,3,421148.0,153,10,28,39,700.0,1,1
4,3,624629.0,139,10,28,38,0.0,1,1
5,0,363462.0,52,49,22,37,0.0,1,1
6,3,462648.0,139,10,28,38,1200.0,1,1
7,0,106832.0,91,49,23,38,0.0,1,1
8,11,166597.0,113,122,43,1,1200.0,0,1
9,0,184495.0,152,65,29,38,1200.0,1,1
10,0,218763.0,109,74,12,37,1200.0,1,1
11,3,218818.0,131,6,36,1,1200.0,1,1
12,6,208660.0,108,122,43,1,0.0,0,1
13,0,135267.0,152,65,29,39,1154.0,1,1
14,0,178297.0,135,54,16,39,3600.0,1,1
15,0,359737.0,98,18,12,38,169.0,1,1
16,0,162895.0,122,65,29,38,1185.0,1,1
17,0,341788.0,91,49,48,38,1200.0,1,1
18,0,189490.0,122,45,12,38,0.0,1,1
19,0,81402.0,91,49,23,38,0.0,1,1
20,0,91610.0,135,54,16,37,1200.0,1,1
21,0,230625.0,98,22,12,37,1170.0,1,1
22,3,240224.0,200,30,13,39,1200.0,1,1
23,0,122258.0,87,31,14,27,1200.0,1,1
24,0,136915.0,41,49,22,38,0.0,1,1
25,1,291676.0,104,101,14,1,3020.0,0,1
26,0,277228.0,52,110,22,37,0.0,1,1
27,0,168850.0,153,49,23,38,992.0,1,1
28,0,131313.0,91,49,23,38,0.0,1,1
29,0,198717.0,168,114,26,39,540.0,1,1
30,0,174633.0,92,31,16,33,5800.0,1,1
31,0,65420.0,152,22,29,38,1086.0,1,1
32,0,84056.0,122,45,12,38,0.0,1,1
33,0,111508.0,122,45,12,38,0.0,1,1
34,0,211096.0,122,45,12,38,0.0,1,1
35,0,124358.0,136,18,12,40,1200.0,1,1
36,0,217302.0,122,45,29,38,2600.0,1,1
37,0,150372.0,91,49,23,38,0.0,1,1
38,12,120161.0,133,60,14,38,20164.0,1,1
39,0,100175.0,98,45,12,38,1200.0,1,1
40,0,102959.0,135,54,16,39,0.0,1,1
41,0,467098.0,125,110,48,39,186.0,1,1
42,0,195497.0,135,54,16,39,1190.0,1,1
43,3,232298.0,139,10,28,38,0.0,1,1
44,0,278297.0,105,40,43,38,1200.0,1,1
45,0,180280.0,104,101,14,34,153.0,1,1
46,0,99936.0,52,110,22,37,0.0,1,1
47,0,158169.0,152,22,29,38,1200.0,1,1
48,0,133206.0,152,65,29,39,1200.0,1,1
49,0,116724.0,135,54,16,37,1200.0,1,1
50,0,214215.0,134,110,48,39,3600.0,1,1
51,0,143682.0,152,65,29,36,1200.0,1,1
52,0,74624.0,135,54,16,39,3600.0,1,1
53,0,105678.0,153,49,23,38,975.0,1,1
54,0,299030.0,153,49,23,38,1062.0,1,1
55,0,74574.0,135,65,29,38,1200.0,1,1
56,0,125784.0,152,65,29,37,1200.0,1,1
57,12,870193.0,52,49,22,38,2584.0,0,1
58,0,208790.0,87,60,24,38,20164.0,1,1
59,0,80671.0,135,54,16,38,1200.0,1,1
60,12,79184.0,133,60,14,38,20164.0,1,1
61,0,215525.0,145,110,48,39,6634.0,1,1
62,0,138164.0,85,54,16,37,490.0,1,1
63,0,55217.0,152,54,16,39,4800.0,1,1
64,0,120997.0,87,31,14,27,265.0,1,1
65,0,217443.0,52,49,22,38,2584.0,1,1
66,0,285125.0,163,65,29,36,16598.0,1,1
67,0,51161.0,122,22,29,38,0.0,1,1
68,0,119372.0,135,54,16,39,1016.0,1,1
69,0,234684.0,172,90,13,39,1200.0,1,1
70,0,138940.0,85,31,16,38,1200.0,1,1
71,3,253285.0,113,15,43,39,4800.0,1,1
72,1,128451.0,149,14,18,2,6000.0,1,1
73,12,168099.0,133,60,14,38,20164.0,1,1
74,0,281618.0,104,60,14,1,1200.0,0,1
75,0,92383.0,152,22,29,38,1123.0,1,1
76,0,149729.0,163,86,5,37,1190.0,1,1
77,0,154031.0,173,82,26,38,1200.0,1,1
78,3,233966.0,89,66,23,34,0.0,1,1
79,0,39299.0,136,18,12,38,1200.0,1,1
80,0,108089.0,152,65,29,38,2400.0,1,1
81,3,140686.0,91,66,23,34,9600.0,1,1
82,3,599539.0,33,9,34,34,1200.0,1,1
83,0,54622.0,98,18,29,38,646.0,1,1
84,0,26679.0,41,49,22,22,1200.0,1,1
85,0,117939.0,152,65,29,37,0.0,1,1
86,0,54987.0,152,65,29,38,3590.0,1,1
87,3,108483.0,89,66,23,34,9600.0,1,1
88,3,124307.0,89,66,23,34,9600.0,1,1
89,3,164799.0,89,66,23,34,9600.0,1,1
90,0,86215.0,135,54,16,38,1070.0,1,1
91,3,145316.0,144,66,23,34,9600.0,1,1
92,0,195253.0,87,101,14,1,0.0,0,1
93,0,13509.0,91,49,23,38,2400.0,1,1
94,0,43191.0,98,18,12,10,1200.0,1,1
95,0,129300.0,87,101,24,39,400.0,1,1
96,0,129397.0,152,22,29,36,16598.0,1,1
97,0,66189.0,135,54,16,39,0.0,1,1
98,0,286612.0,42,75,17,7,1200.0,0,1
99,0,62485.0,122,45,29,38,7050.0,1,1
100,0,96059.0,169,90,13,39,1200.0,1,1
101,0,22559.0,135,54,16,39,3600.0,1,1
102,3,244834.0,89,66,23,34,0.0,1,1
103,1,227104.0,104,101,14,1,3020.0,0,1
104,0,84842.0,122,22,29,38,0.0,1,1
105,1,142336.0,104,101,14,1,3020.0,0,1
106,1,166373.0,128,95,43,38,1200.0,1,1
107,1,424829.0,41,108,22,38,650.0,1,1
108,3,88631.0,89,66,23,34,9600.0,1,1
109,0,97256.0,152,65,29,36,16598.0,1,1
110,3,367624.0,15,113,34,36,1200.0,0,1
111,0,71329.0,152,65,29,38,3590.0,1,1
112,3,204012.0,27,9,34,37,1200.0,1,1
113,3,299250.0,54,9,34,37,1200.0,1,1
114,0,242776.0,87,101,24,39,200.0,1,1
115,3,92746.0,89,66,23,34,9600.0,1,1
116,0,89384.0,152,54,16,39,4800.0,1,1
117,12,227043.0,52,49,22,38,2584.0,1,1
118,1,151448.0,149,14,18,2,6000.0,1,1
119,0,136102.0,109,74,12,36,3600.0,1,1
120,0,78851.0,152,65,29,36,1200.0,1,1
121,12,172689.0,95,31,24,33,1200.0,1,1
122,0,63253.0,152,65,29,38,2400.0,1,1
123,0,71334.0,122,122,12,56,0.0,1,1
124,3,236780.0,140,23,1,1,150.0,1,1
125,0,33992.0,91,49,48,38,0.0,1,1
126,0,139754.0,153,10,28,38,0.0,1,1
127,0,154058.0,135,54,16,38,0.0,1,1
128,12,183778.0,84,31,24,33,1200.0,1,1
129,0,461518.0,152,65,29,36,16598.0,1,1
130,12,165157.0,95,31,24,33,1200.0,1,1
131,3,323484.0,42,106,17,7,0.0,0,1
132,3,102324.0,91,66,23,34,0.0,1,1
133,12,116637.0,84,31,24,33,1200.0,1,1
134,3,328179.0,139,10,28,38,0.0,1,1
135,12,259835.0,145,62,48,39,0.0,1,1
136,0,306035.0,145,110,48,39,0.0,1,1
137,0,88392.0,152,54,16,37,1200.0,1,1
138,0,92583.0,135,54,16,39,1200.0,1,1
139,2,138021.0,135,54,16,37,0.0,1,1
140,12,102375.0,131,54,16,37,1200.0,1,1
141,0,91298.0,109,74,12,36,3600.0,1,1
142,0,118300.0,135,54,16,39,4800.0,1,1
143,0,41563.0,152,65,29,38,3590.0,1,1
144,10,80457.0,95,31,24,1,1200.0,0,1
145,0,65731.0,135,22,16,38,1200.0,1,1
146,0,95617.0,91,49,48,38,1200.0,1,1
147,12,152125.0,135,54,16,38,1200.0,1,1
148,0,54520.0,152,22,29,36,1000.0,1,1
149,1,209604.0,149,14,18,2,6000.0,1,1
150,0,384770.0,140,35,1,1,1200.0,1,1
151,0,4719.0,91,49,23,38,2400.0,1,1
152,3,88598.0,185,39,4,36,2400.0,1,1
153,1,334801.0,185,39,4,36,0.0,1,1
154,3,149442.0,193,102,4,36,1200.0,1,1
155,3,81681.0,185,39,4,36,2400.0,1,1
156,0,135040.0,190,42,4,50,0.0,1,1
157,0,136973.0,190,42,4,50,0.0,1,1
158,3,151025.0,163,55,5,37,502.0,1,1
159,0,131920.0,52,49,22,38,1200.0,1,1
160,1,233750.0,185,120,4,36,1200.0,1,1
161,0,57685.0,136,18,12,40,1200.0,1,1
162,0,86967.0,98,18,12,40,1200.0,1,1
163,0,104459.0,136,18,12,40,1200.0,1,1
164,0,252162.0,122,22,29,36,16598.0,1,1
165,0,215651.0,144,49,48,38,4896.0,1,1
166,0,98687.0,109,74,12,38,1200.0,1,1
167,3,385494.0,12,76,7,8,0.0,0,1
168,0,160431.0,113,15,43,39,4800.0,1,1
169,0,92381.0,113,15,43,39,0.0,1,1
170,0,162551.0,135,54,16,38,1200.0,1,1
171,3,1282624.0,163,86,5,33,1200.0,1,1
172,10,400602.0,171,86,29,59,1200.0,1,1
173,12,127775.0,172,90,13,39,8400.0,1,1
174,12,120665.0,172,90,13,39,8400.0,1,1
175,12,56308.0,172,90,13,39,8400.0,1,1
176,12,228245.0,172,90,13,39,8400.0,1,1
177,15,62959.0,40,105,9,37,0.0,0,0
178,15,238240.0,102,38,1,2,0.0,0,0
179,15,53482.0,47,12,40,1,3600.0,0,0
180,15,66942.0,185,118,4,36,0.0,1,0
181,15,138133.0,118,60,14,1,0.0,0,0
182,15,375885.0,177,79,44,39,1200.0,1,0
183,15,239641.0,47,12,40,1,0.0,0,0
184,0,383203.0,91,49,48,38,1190.0,1,0
185,15,240060.0,34,111,6,37,900.0,0,0
186,15,144360.0,135,54,16,39,704.0,1,0
187,3,99396.0,17,70,38,34,10800.0,1,0
188,15,116630.0,40,105,9,12,0.0,0,0
189,15,45399.0,2,11,34,25,1190.0,0,0
190,15,129169.0,183,1,37,38,340.0,1,0
191,15,238785.0,197,85,4,37,1200.0,1,0
192,3,208832.0,62,106,17,7,0.0,0,0
193,1,83459.0,24,9,46,37,1200.0,1,0
194,15,116074.0,142,37,2,2,1200.0,0,0
195,15,377084.0,82,88,15,39,1025.0,1,0
196,0,113997.0,30,109,17,7,473.0,0,0
197,1,107010.0,86,13,1,1,0.0,0,0
198,15,181722.0,102,99,1,1,0.0,0,0
199,1,380167.0,187,85,4,39,1200.0,1,0
200,0,332234.0,36,72,35,1,1200.0,0,0
201,15,270657.0,25,44,10,1,1200.0,0,0
202,0,120763.0,153,10,28,38,0.0,1,0
203,15,68815.0,35,116,9,12,0.0,0,0
204,0,204484.0,148,98,1,1,1200.0,1,0
205,15,325317.0,2,29,31,19,538.0,0,0
206,15,78849.0,2,92,34,26,0.0,0,0
207,15,216061.0,163,86,5,39,1200.0,1,0
208,15,289032.0,138,98,1,1,1025.0,0,0
209,15,418291.0,147,98,25,1,1200.0,0,0
210,15,238792.0,153,10,28,38,967.0,1,0
211,15,63374.0,29,32,9,38,0.0,0,0
212,15,117613.0,126,21,42,2,1200.0,0,0
213,15,6635.0,96,14,18,1,0.0,0,0
214,15,36445.0,132,91,25,2,1200.0,0,0
215,15,6284.0,94,7,43,1,0.0,0,0
216,15,107420.0,185,4,4,36,1200.0,1,0
217,15,101238.0,177,90,44,38,4856.0,1,0
218,15,121146.0,25,93,10,2,8000.0,0,0
219,15,166634.0,12,103,20,12,400.0,0,0
220,15,220991.0,128,95,43,15,2400.0,0,0
221,15,57225.0,48,2,35,36,726.0,0,0
222,15,33850.0,185,27,4,17,122.0,1,0
223,15,98148.0,65,12,40,2,1200.0,0,0
224,15,212736.0,92,31,24,40,8400.0,1,0
225,15,109093.0,18,25,40,1,400.0,0,0
226,15,2528.0,35,116,9,1,0.0,0,0
227,15,123542.0,26,44,10,2,1200.0,0,0
228,15,253728.0,120,87,36,34,1200.0,1,0
229,15,133424.0,185,27,4,36,1200.0,1,0
230,15,33050.0,137,101,14,39,3600.0,1,0
231,15,82859.0,140,23,1,1,1200.0,0,0
232,15,73740.0,123,89,9,1,1200.0,0,0
233,15,44564.0,5,26,38,34,1400.0,0,0
234,15,104838.0,185,39,4,36,1200.0,1,0
235,15,134440.0,87,101,14,34,759.0,0,0
236,15,404973.0,30,96,15,22,1133.0,0,0
237,3,152456.0,95,31,24,1,1046.0,0,0
238,15,61115.0,185,39,4,36,0.0,1,0
239,15,159857.0,177,90,44,38,4856.0,1,0
240,15,63192.0,185,118,4,36,0.0,1,0
241,15,46414.0,177,122,44,56,1200.0,1,0
242,15,54160.0,6,119,22,22,1200.0,0,0
243,15,982.0,94,7,43,37,1200.0,1,0
244,15,31860.0,102,38,1,2,0.0,0,0
245,15,160115.0,2,16,34,20,1200.0,0,0
246,15,840519.0,88,88,14,38,1200.0,0,0
247,15,193499.0,86,13,1,2,2327.0,0,0
248,2,296294.0,197,85,4,38,1200.0,1,0
249,15,41785.0,82,88,14,39,1200.0,1,0
250,15,282123.0,29,58,9,2,1200.0,0,0
251,15,70422.0,97,95,43,37,1190.0,1,0
252,15,698631.0,185,39,4,36,1200.0,1,0
253,15,108965.0,2,48,34,21,1200.0,0,0
254,1,300947.0,191,17,47,39,60.0,1,0
255,15,151220.0,29,32,9,1,0.0,0,0
256,15,287082.0,132,64,25,1,1200.0,0,0
257,15,18731.0,29,32,9,1,0.0,0,0
258,15,252705.0,25,107,10,1,1200.0,0,0
259,15,124067.0,62,112,49,7,0.0,0,0
260,15,47086.0,185,39,4,36,0.0,1,0
261,15,217640.0,96,14,18,2,1200.0,0,0
262,15,112498.0,188,115,47,38,1200.0,1,0
263,15,225114.0,127,15,43,37,1200.0,1,0
264,15,83319.0,185,27,4,36,0.0,1,0
265,15,91087.0,26,94,10,2,728.0,0,0
266,15,188235.0,40,105,9,1,610.0,0,0
267,1,209024.0,124,56,36,34,1144.0,1,0
268,15,249490.0,97,71,43,51,1200.0,1,0
269,15,357292.0,60,89,9,1,2400.0,0,0
270,15,129891.0,71,23,10,1,170.0,0,0
271,3,61364.0,95,41,24,23,1200.0,1,0
272,15,106398.0,153,10,28,36,910.0,1,0
273,15,15691.0,94,7,43,37,400.0,1,0
274,15,24004.0,82,88,14,36,1200.0,0,0
275,15,277487.0,11,53,35,36,1200.0,0,0
276,15,413675.0,102,35,1,2,0.0,0,0
277,15,82125.0,2,29,31,36,1200.0,0,0
278,15,43674.0,25,107,10,36,12000.0,1,0
279,3,555711.0,138,44,1,2,1200.0,1,0
280,1,182642.0,42,106,17,38,1200.0,1,0
281,15,142973.0,87,41,24,2,10194.0,0,0
282,15,206681.0,142,104,2,2,1200.0,0,0
283,15,350.0,6,8,22,36,1200.0,0,0
284,15,270041.0,62,72,35,7,0.0,0,0
285,15,74425.0,185,120,4,39,800.0,1,0
286,15,210372.0,65,12,40,2,3590.0,0,0
287,1,158245.0,174,10,41,34,1200.0,1,0
288,15,88797.0,6,61,22,36,1200.0,0,0
289,15,98290.0,2,111,34,21,1200.0,0,0
290,15,507030.0,149,68,18,37,1200.0,1,0
291,15,236139.0,62,112,17,1,1049.0,0,0
292,15,785613.0,87,101,24,33,1200.0,0,0
293,15,31961.0,29,58,9,1,1200.0,0,0
294,15,152382.0,28,72,15,1,0.0,0,0
295,15,8499.0,107,81,43,1,1200.0,0,0
296,15,100534.0,152,65,29,36,16598.0,1,0
297,15,370420.0,91,49,23,38,0.0,1,0
298,15,6055.0,94,7,43,37,0.0,1,0
299,15,122215.0,87,101,14,1,0.0,0,0
300,15,653759.0,33,9,34,37,132.0,0,0
301,15,434956.0,154,10,41,38,7.0,1,0
302,0,156384.0,128,40,43,38,0.0,1,0
303,15,70052.0,102,99,1,1,0.0,0,0
304,15,107368.0,104,78,17,7,1200.0,0,0
305,15,11456.0,6,8,22,36,0.0,0,0
306,0,94317.0,183,1,37,37,1200.0,1,0
307,15,69707.0,6,61,22,23,5928.0,0,0
308,0,177453.0,158,30,0,38,0.0,1,0
309,1,402871.0,12,122,49,22,0.0,0,0
310,1,624225.0,34,111,6,33,26.0,1,0
311,15,130061.0,34,11,6,9,0.0,0,0
312,15,105929.0,43,72,35,2,8600.0,0,0
313,15,252075.0,72,103,20,23,895.0,0,0
314,15,135471.0,2,84,31,20,0.0,0,0
315,15,223112.0,185,39,4,36,0.0,1,0
316,15,7831.0,113,15,43,15,853.0,0,0
317,15,30407.0,6,119,22,36,1200.0,0,0
318,15,101856.0,163,86,5,37,1200.0,1,0
319,2,294674.0,131,56,36,39,1200.0,1,0
320,15,188167.0,12,100,20,22,0.0,0,0
321,15,88148.0,198,69,4,37,1200.0,1,0
322,15,513721.0,65,51,40,11,1190.0,0,0
323,15,203436.0,138,89,9,1,1180.0,0,0
324,15,4846.0,6,122,22,22,1200.0,0,0
325,15,133840.0,140,23,1,1,1128.0,0,0
326,15,208057.0,22,11,39,34,1200.0,0,0
327,15,368668.0,94,7,43,1,0.0,0,0
328,15,271295.0,72,103,20,22,1130.0,0,0
329,15,310341.0,22,11,39,37,400.0,0,0
330,3,310124.0,8,94,10,2,1200.0,0,0
331,3,229972.0,98,18,12,38,0.0,1,0
332,15,0.0,72,103,8,22,0.0,0,0
333,15,269365.0,4,94,10,1,1200.0,0,0
334,15,129420.0,125,62,48,36,7529.0,1,0
335,1,566970.0,36,53,35,36,3600.0,1,0
336,15,161432.0,152,65,29,38,705.0,1,0
337,15,57759.0,94,7,43,37,1200.0,1,0
338,15,73102.0,2,92,34,19,0.0,0,0
339,15,101583.0,2,111,34,34,1346.0,0,0
340,15,36806.0,96,14,18,1,0.0,0,0
341,15,306601.0,6,119,22,36,1200.0,0,0
342,15,139731.0,9,53,38,35,6000.0,0,0
343,15,283502.0,197,85,4,39,1200.0,1,0
344,15,146608.0,131,6,36,34,6000.0,1,0
345,15,133638.0,29,32,9,22,1200.0,0,0
346,15,3050824.0,76,20,15,27,0.0,0,0
347,15,48719.0,192,67,37,37,0.0,1,0
348,15,242240.0,185,120,4,36,0.0,1,0
349,15,85469.0,40,105,9,1,0.0,0,0
350,15,93491.0,185,102,4,37,1200.0,1,0
351,15,498722.0,102,38,1,2,178.0,0,0
352,15,151490.0,183,1,37,39,0.0,1,0
353,15,148885.0,159,24,11,39,2800.0,1,0
354,15,109963.0,6,119,22,39,1600.0,0,0
355,15,235789.0,137,74,12,51,1200.0,1,0
356,15,102393.0,2,11,34,20,400.0,0,0
357,15,45357.0,2,111,34,20,0.0,0,0
358,15,279645.0,187,47,4,39,1200.0,1,0
359,1,26817.0,196,0,4,37,1200.0,1,0
360,15,106635.0,2,84,31,20,1000.0,0,0
361,15,151399.0,40,116,9,38,3250.0,0,0
362,15,52690.0,177,79,44,38,0.0,1,0
363,15,405272.0,9,53,38,39,1200.0,0,0
364,15,138936.0,102,23,1,1,1200.0,0,0
365,15,281850.0,187,47,4,39,1200.0,1,0
366,15,399087.0,7,5,19,38,2400.0,0,0
367,15,99680.0,6,8,22,36,0.0,0,0
368,15,325.0,14,122,22,12,1200.0,0,0
369,15,139160.0,32,73,42,6,1200.0,0,0
370,15,701495.0,35,116,9,2,1200.0,0,0
371,15,264926.0,86,13,1,2,2327.0,0,0
372,15,117851.0,60,94,10,1,1200.0,0,0
373,15,276147.0,43,96,15,27,1060.0,0,0
374,15,4347.0,185,4,4,36,1200.0,1,0
375,15,76399.0,25,44,10,2,1200.0,0,0
376,15,96443.0,163,86,5,37,0.0,1,0
377,15,291479.0,192,67,37,39,1120.0,1,0
378,15,263914.0,120,56,36,38,1200.0,1,0
379,1,101064.0,111,64,42,1,1200.0,0,0
380,15,284663.0,102,38,1,1,0.0,0,0
381,15,66716.0,55,103,45,22,1200.0,0,0
382,15,87624.0,161,98,25,1,1200.0,0,0
383,15,150263.0,185,120,4,36,1200.0,1,0
384,1,242973.0,49,32,9,1,0.0,0,0
385,15,435643.0,2,16,34,20,0.0,0,0
386,15,272486.0,42,109,17,7,404.0,0,0
387,15,89374.0,185,4,4,38,0.0,1,0
388,15,132143.0,67,12,40,2,1200.0,0,0
389,15,221540.0,18,25,40,11,1200.0,0,0
390,15,29240.0,2,122,31,21,1200.0,0,0
391,15,139955.0,13,36,20,27,400.0,0,0
392,15,174730.0,126,35,42,1,1200.0,0,0
393,15,28202.0,82,88,14,37,400.0,0,0
394,0,197848.0,7,63,19,37,2208.0,1,0
395,15,459723.0,43,72,35,7,1200.0,0,0
396,15,153784.0,97,71,43,1,1200.0,0,0
397,15,68628.0,14,108,22,22,1080.0,0,0
398,15,277350.0,182,27,4,39,1200.0,1,0
399,15,175356.0,122,22,29,37,400.0,1,0
400,15,80273.0,26,94,10,1,1400.0,0,0
401,15,101044.0,181,59,32,39,1200.0,1,0
402,15,228712.0,36,53,35,36,1200.0,0,0
403,15,75924.0,6,2,22,36,1200.0,0,0
404,15,332301.0,120,56,36,39,1176.0,1,0
405,15,206874.0,104,101,14,1,0.0,0,0
406,15,14019.0,185,97,4,36,0.0,1,0
407,15,155431.0,2,16,34,20,1013.0,0,0
408,15,78279.0,82,88,14,39,2400.0,1,0
409,15,444573.0,94,122,43,1,1200.0,0,0
410,1,247055.0,86,13,1,2,989.0,0,0
411,15,105464.0,100,87,36,34,1200.0,1,0
412,15,296155.0,60,89,9,1,1190.0,0,0
413,15,4397.0,2,122,31,21,1200.0,0,0
414,15,57057.0,2,92,34,21,1200.0,0,0
415,15,269439.0,140,23,1,1,1200.0,0,0
416,15,167655.0,102,13,1,2,1200.0,0,0
417,15,98530.0,6,2,22,36,1200.0,0,0
418,15,36763.0,40,105,9,1,180.0,0,0
419,15,212581.0,193,102,4,36,0.0,1,0
420,15,73175.0,137,74,12,15,1200.0,0,0
421,1,55226.0,35,116,9,12,0.0,0,0
422,15,242912.0,192,67,37,29,1200.0,1,0
423,3,147426.0,142,37,2,2,1200.0,1,0
424,15,331671.0,140,35,1,1,0.0,0,0
425,15,149757.0,23,44,1,1,1200.0,0,0
426,1,82133.0,7,63,19,36,0.0,1,0
427,15,378060.0,140,77,1,2,1200.0,0,0
428,15,-1541.0,40,105,9,37,600.0,0,0
429,15,252061.0,150,60,14,38,20164.0,1,0
430,15,346873.0,41,49,22,39,2399.0,0,0
431,15,364596.0,131,6,36,38,1200.0,1,0
432,15,5167.0,30,109,15,22,0.0,0,0
433,15,1127498.0,185,102,4,36,0.0,1,0
434,15,444876.0,153,10,28,38,1200.0,1,0
435,15,20203.0,195,117,33,37,251.0,1,0
436,15,142653.0,2,52,34,21,0.0,0,0
437,1,72218.0,95,41,24,1,200.0,0,0
438,15,103622.0,2,84,31,20,1200.0,0,0
439,15,295874.0,5,26,38,34,800.0,0,0
440,15,26471.0,96,14,18,1,1400.0,0,0
441,0,314188.0,200,115,13,39,1190.0,1,0
442,15,67165.0,2,92,34,21,1174.0,0,0
443,15,361367.0,185,120,4,36,1200.0,1,0
444,15,101526.0,102,99,1,1,0.0,0,0
445,1,26131.0,174,10,41,39,8912.0,1,0
446,15,421150.0,40,105,9,1,660.0,0,0
447,15,202322.0,6,8,22,22,0.0,0,0
448,15,101236.0,2,19,34,20,0.0,0,0
449,15,50543.0,29,58,9,38,0.0,0,0
450,15,232408.0,74,60,15,1,460.0,0,0
451,15,596320.0,108,57,43,2,927.0,0,0
452,1,43115.0,8,94,10,2,7200.0,0,0
453,1,39643.0,120,87,36,34,0.0,1,0
454,15,261115.0,29,58,9,1,1200.0,0,0
455,2,91317.0,20,12,40,2,1200.0,0,0
456,15,73673.0,185,97,4,36,0.0,1,0
457,1,1767131.0,13,36,20,27,1200.0,0,0
458,15,406490.0,47,12,40,2,0.0,0,0
459,15,40744.0,2,29,31,19,1200.0,0,0
460,5,179531.0,199,42,4,37,2400.0,1,0
461,15,14458.0,97,71,43,1,1200.0,0,0
462,15,91516.0,25,93,10,37,0.0,0,0
463,15,101347.0,6,8,22,36,0.0,0,0
464,15,402884.0,120,6,36,39,1200.0,1,0
465,15,282084.0,25,93,10,36,0.0,0,0
466,15,117924.0,108,57,43,37,1200.0,1,0
467,5,335942.0,200,30,47,38,3353.0,1,0
468,1,124901.0,187,85,4,39,1183.0,1,0
469,15,38177.0,185,39,4,52,1000.0,1,0
470,15,13874.0,185,39,4,36,1200.0,1,0
471,1,238516.0,149,14,25,37,1200.0,1,0
472,15,276318.0,148,38,1,2,1200.0,0,0
473,15,170360.0,102,35,1,1,1200.0,0,0
474,15,170538.0,185,4,4,36,0.0,1,0
475,15,254728.0,2,16,34,20,773.0,0,0
476,15,165063.0,111,37,42,1,1200.0,0,0
477,15,1393794.0,140,77,1,1,1200.0,0,0
478,15,33776.0,132,64,25,1,1200.0,0,0
479,15,297383.0,108,57,43,1,0.0,0,0
480,15,194719.0,195,117,33,36,1200.0,1,0
481,15,35677.0,49,32,9,1,0.0,0,0
482,15,145325.0,18,25,27,11,1200.0,0,0
483,15,194059.0,62,112,49,22,1200.0,0,0
484,15,209567.0,25,93,10,1,1200.0,0,0
485,1,54153.0,185,102,4,53,0.0,1,0
486,15,1729760.0,165,50,3,40,0.0,1,0
487,15,634359.0,5,26,38,34,0.0,0,0
488,15,50549.0,195,79,33,38,1200.0,1,0
489,15,0.0,32,73,42,1,0.0,0,0
490,15,384119.0,140,77,1,2,1200.0,0,0
491,15,69479.0,131,6,36,40,800.0,1,0
492,15,159307.0,29,32,9,1,0.0,0,0
493,15,113217.0,58,112,49,6,1200.0,0,0
494,15,122005.0,60,89,9,1,0.0,0,0
495,15,161311.0,6,20,22,36,2400.0,0,0
496,15,15389.0,185,97,4,37,1200.0,1,0
497,15,145913.0,6,8,22,22,1200.0,0,0
498,15,67530.0,185,118,4,36,1200.0,1,0
499,15,76434.0,2,111,31,20,2200.0,0,0
500,15,195820.0,91,66,48,40,1200.0,1,0
501,15,263666.0,128,40,43,1,1200.0,0,0
502,15,501473.0,123,89,9,2,903.0,0,0
503,15,198594.0,2,19,31,20,7.0,0,0
504,15,57196.0,87,101,24,39,1200.0,1,0
505,0,191049.0,71,73,42,2,1200.0,0,0
506,15,207918.0,22,11,39,33,1200.0,0,0
507,15,232005.0,42,109,17,6,0.0,0,0
508,15,125298.0,97,95,43,37,1200.0,1,0
509,15,95714.0,89,66,23,34,0.0,0,0
510,15,218518.0,93,34,48,36,7529.0,1,0
511,1,370411.0,198,69,4,39,200.0,1,0
512,15,159148.0,65,25,27,11,1200.0,0,0
513,15,32269.0,142,37,2,2,1200.0,0,0
514,12,176663.0,36,72,35,1,2553.0,0,0
515,1,115223.0,25,93,10,1,1200.0,0,0
516,15,65732.0,97,71,43,1,0.0,0,0
517,0,191285.0,188,115,47,39,824.0,1,0
518,15,149788.0,197,85,4,39,0.0,1,0
519,15,462619.0,56,73,42,2,1200.0,0,0
520,15,118248.0,125,62,48,37,0.0,1,0
521,0,282943.0,12,46,49,22,182.0,0,0
522,15,138927.0,144,49,48,38,4896.0,1,0
523,1,212372.0,44,9,19,37,1200.0,1,0
524,3,126949.0,16,96,35,7,0.0,0,0
525,3,280510.0,86,13,1,1,1200.0,0,0
526,0,172341.0,7,63,19,37,1200.0,1,0
527,15,238524.0,2,111,34,20,1200.0,0,0
528,15,111662.0,25,93,10,1,1200.0,0,0
529,15,613749.0,177,79,44,39,1200.0,1,0
530,15,90008.0,2,111,34,20,1200.0,0,0
531,15,87121.0,120,87,36,34,1000.0,1,0
532,15,63027.0,6,119,22,36,114.0,0,0
533,1,387165.0,98,18,12,38,0.0,1,0
534,15,162205.0,2,19,34,25,1200.0,0,0
535,15,76589.0,40,122,9,37,1200.0,0,0
536,15,110520.0,102,35,1,1,1200.0,0,0
537,15,344774.0,7,63,19,34,0.0,0,0
538,15,65977.0,86,13,1,1,1200.0,0,0
539,15,336592.0,149,14,18,2,6000.0,0,0
540,0,114922.0,109,74,12,36,3600.0,1,0
541,15,89290.0,145,110,48,38,0.0,1,0
542,15,103436.0,72,103,20,22,1156.0,0,0
543,15,1120412.0,112,64,42,1,830.0,0,0
544,15,87080.0,6,2,22,37,0.0,0,0
545,15,62740.0,106,87,36,34,1200.0,1,0
546,15,57806.0,29,58,9,37,0.0,0,0
547,15,29846.0,25,107,10,1,1200.0,0,0
548,15,63313.0,104,78,17,7,1200.0,0,0
549,15,274560.0,138,44,1,2,1200.0,0,0
550,15,167664.0,12,121,49,22,0.0,0,0
551,5,182135.0,200,30,47,38,3353.0,1,0
552,15,79140.0,29,58,9,12,0.0,0,0
553,15,29509.0,97,71,43,39,757.0,1,0
554,15,179926.0,193,102,4,36,1200.0,1,0
555,15,66779.0,2,19,31,20,1200.0,0,0
556,15,29718.0,195,117,33,38,1200.0,1,0
557,15,31690.0,5,52,38,37,0.0,0,0
558,15,260954.0,102,38,1,1,150.0,0,0
559,15,73490.0,185,97,4,38,2200.0,1,0
560,15,169012.0,2,92,34,26,1200.0,0,0
561,15,41673.0,2,29,31,24,1190.0,0,0
562,15,42733.0,163,55,5,37,1200.0,1,0
563,15,178926.0,108,57,43,1,1200.0,0,0
564,15,46888.0,42,75,17,6,1200.0,0,0
565,15,121030.0,12,100,20,27,0.0,0,0
566,15,318632.0,49,32,9,1,0.0,0,0
567,15,122239.0,2,111,34,20,0.0,0,0
568,15,464993.0,185,39,4,37,1200.0,1,0
569,1,442817.0,102,23,1,2,150.0,0,0
570,15,90667.0,186,4,4,36,0.0,1,0
571,15,110728.0,34,11,6,37,1200.0,0,0
572,15,123381.0,102,99,1,1,1200.0,0,0
573,15,126315.0,28,96,15,1,1150.0,0,0
574,15,40749.0,2,84,31,20,1200.0,0,0
575,15,148022.0,143,13,1,2,1100.0,0,0
576,1,146356.0,47,12,40,1,646.0,0,0
577,15,49131.0,159,24,11,38,0.0,1,0
578,3,91127.0,154,10,41,39,0.0,1,0
579,15,98575.0,185,118,4,36,0.0,1,0
580,15,66311.0,56,73,42,2,1200.0,0,0
581,15,327650.0,42,75,17,7,994.0,0,0
582,0,88039.0,153,10,28,38,0.0,1,0
583,15,696270.0,13,36,20,23,1200.0,0,0
584,15,579268.0,97,71,43,36,0.0,0,0
585,15,215370.0,29,58,9,1,0.0,0,0
586,15,122240.0,140,77,1,1,0.0,0,0
587,15,176205.0,12,103,20,27,1200.0,0,0
588,15,81816.0,126,21,42,1,0.0,0,0
589,15,314529.0,108,57,43,1,6000.0,0,0
590,15,217731.0,2,84,31,25,400.0,0,0
591,15,153710.0,181,59,32,39,431.0,1,0
592,15,41125.0,185,118,4,36,400.0,1,0
593,15,283953.0,7,5,19,37,1200.0,0,0
594,15,149689.0,5,52,38,39,1200.0,0,0
595,15,72255.0,185,27,4,36,1200.0,1,0
596,15,53621.0,72,103,8,23,0.0,0,0
597,15,10921.0,138,98,1,1,1200.0,0,0
598,15,96291.0,101,91,18,37,1113.0,1,0
599,15,1207225.0,37,70,38,37,0.0,0,0
600,15,125212.0,177,122,44,56,342.0,1,0
601,15,135048.0,2,111,31,20,1200.0,0,0
602,15,91616.0,198,69,4,38,690.0,1,0
603,1,449816.0,140,23,1,1,584.0,1,0
604,10,244046.0,51,2,22,22,2415.0,0,0
605,15,405756.0,47,51,40,2,840.0,0,0
606,15,121381.0,6,8,22,36,0.0,0,0
607,15,170809.0,128,95,43,38,1200.0,1,0
608,15,101262.0,6,8,22,36,1200.0,0,0
609,15,103693.0,165,50,3,36,0.0,1,0
610,15,121011.0,135,54,16,38,0.0,1,0
611,15,20288.0,154,18,12,16,400.0,1,0
612,15,109429.0,6,119,22,36,1200.0,0,0
613,15,34299.0,60,89,9,1,800.0,0,0
614,1,306115.0,34,11,6,39,1200.0,1,0
615,15,10419.0,163,55,5,38,0.0,1,0
616,15,150033.0,154,10,41,38,1095.0,1,0
617,15,266927.0,48,2,35,36,1200.0,0,0
618,15,60085.0,2,92,34,36,1000.0,0,0
619,15,648279.0,140,23,1,2,1200.0,0,0
620,15,60359.0,41,108,22,37,1200.0,0,0
621,15,274943.0,28,96,15,37,1200.0,0,0
622,15,124619.0,97,30,0,37,0.0,1,0
623,15,70778.0,55,100,45,1,1200.0,0,0
624,15,88895.0,118,60,14,38,20164.0,1,0
625,1,64959.0,142,37,2,37,1200.0,1,0
626,15,139912.0,130,104,2,1,1200.0,0,0
627,15,103935.0,25,107,10,1,0.0,0,0
628,4,105729.0,135,54,16,37,0.0,1,0
629,15,117027.0,102,35,1,1,2400.0,0,0
630,15,98664.0,185,4,4,36,1200.0,1,0
631,15,193053.0,168,114,26,36,1200.0,1,0
632,15,157130.0,114,68,18,1,0.0,0,0
633,15,235489.0,134,110,48,39,3600.0,1,0
634,15,182920.0,16,96,35,1,1200.0,0,0
635,15,46840.0,35,116,9,1,0.0,0,0
636,15,148554.0,190,67,37,39,1200.0,1,0
637,15,120075.0,67,12,40,1,1200.0,0,0
638,15,179331.0,177,90,44,39,1200.0,1,0
639,15,8297.0,185,39,4,36,0.0,1,0
640,1,282983.0,86,13,1,2,1200.0,0,0
641,15,126834.0,85,54,16,38,1070.0,1,0
642,15,86400.0,2,92,34,21,1190.0,0,0
643,15,110349.0,57,72,35,1,95.0,0,0
644,15,82848.0,107,15,43,1,1200.0,0,0
645,15,54635.0,102,77,1,1,2400.0,0,0
646,15,6175.0,68,105,9,12,0.0,0,0
647,15,342730.0,102,99,1,2,112.0,0,0
648,15,33979.0,6,8,22,36,1000.0,0,0
649,15,27918.0,177,79,44,38,1200.0,1,0
650,15,90396.0,142,28,2,1,1000.0,0,0
651,15,115477.0,137,45,12,1,1200.0,0,0
652,2,501316.0,92,31,16,39,1200.0,1,0
653,15,391646.0,13,36,20,23,1040.0,0,0
654,0,141165.0,200,115,47,36,1200.0,1,0
655,15,144929.0,6,61,22,12,0.0,0,0
656,15,462595.0,5,26,38,34,1200.0,0,0
657,15,10353.0,128,95,43,1,1046.0,0,0
658,15,172428.0,111,37,42,1,1125.0,0,0
659,3,101458.0,2,52,34,21,0.0,0,0
660,15,408752.0,140,77,1,2,124.0,0,0
661,2,138.0,197,85,4,39,1200.0,1,0
662,15,241076.0,26,94,10,1,1011.0,0,0
663,15,27966.0,198,69,4,52,0.0,1,0
664,15,10992.0,61,108,22,38,3215.0,0,0
665,15,452055.0,9,3,38,36,702.0,0,0
666,15,274162.0,74,60,15,1,1003.0,0,0
667,15,28868.0,2,48,34,21,1200.0,0,0
668,15,373945.0,135,54,16,38,1200.0,1,0
669,15,184217.0,12,100,7,22,600.0,0,0
670,15,44483.0,6,8,22,36,1200.0,0,0
671,2,162045.0,67,12,40,11,1200.0,0,0
672,15,91683.0,17,113,38,38,1200.0,0,0
673,15,120875.0,6,20,22,27,0.0,0,0
674,15,151417.0,7,63,19,37,3600.0,0,0
675,15,22992.0,185,118,4,1,1200.0,0,0
676,15,224994.0,177,79,44,39,1200.0,1,0
677,15,306139.0,91,66,23,37,200.0,1,0
678,1,118013.0,138,89,9,2,3315.0,1,0
679,15,167275.0,6,8,22,36,800.0,0,0
680,15,150248.0,30,109,17,22,0.0,0,0
681,15,63532.0,104,78,17,7,1200.0,0,0
682,3,59663.0,23,13,1,1,1200.0,0,0
683,15,49295.0,185,39,4,36,1200.0,1,0
684,15,294638.0,182,27,4,37,1190.0,1,0
685,15,242024.0,102,38,1,1,0.0,0,0
686,15,224273.0,47,51,40,1,1200.0,0,0
687,15,80445.0,182,27,4,36,0.0,1,0
688,1,121880.0,104,31,24,41,0.0,1,0
689,15,155334.0,191,83,47,39,1200.0,1,0
690,15,827344.0,18,25,27,11,2400.0,0,0
691,15,56473.0,6,8,22,36,1200.0,0,0
692,15,265871.0,12,121,49,22,944.0,0,0
693,15,60526.0,40,105,9,1,1000.0,0,0
694,15,73127.0,71,93,10,2,1039.0,0,0
695,15,117699.0,113,15,43,39,1000.0,1,0
696,15,135312.0,12,100,7,27,1200.0,0,0
697,15,89144.0,60,89,9,1,1200.0,0,0
698,15,4169.0,7,5,19,37,1200.0,0,0
699,1,179778.0,196,0,4,38,1190.0,1,0
700,15,109704.0,102,38,1,1,1200.0,0,0
701,1,90795.0,94,7,43,1,0.0,0,0
702,15,202961.0,197,42,4,36,1146.0,1,0
703,15,324309.0,102,38,1,1,28.0,0,0
704,15,78708.0,120,56,36,39,1025.0,1,0
705,15,187006.0,12,46,45,22,1200.0,0,0
706,15,270381.0,6,8,22,36,0.0,0,0
707,15,141873.0,98,18,12,36,0.0,1,0
708,15,357569.0,15,113,34,37,988.0,0,0
709,15,177034.0,191,17,47,39,1200.0,1,0
710,15,87477.0,62,112,49,7,1200.0,0,0
711,3,236493.0,87,41,24,2,10194.0,1,0
712,15,342481.0,2,111,34,20,0.0,0,0
713,15,196283.0,26,44,10,2,1200.0,0,0
714,15,121445.0,26,94,10,2,1200.0,0,0
715,15,95998.0,2,29,31,20,1200.0,0,0
716,3,234990.0,36,72,35,37,1200.0,1,0
717,15,26988.0,177,79,44,37,859.0,1,0
718,15,355995.0,2,92,34,25,1200.0,0,0
719,15,133444.0,2,11,34,26,2270.0,0,0
720,1,56792.0,126,109,17,22,0.0,1,0
721,1,299803.0,105,40,43,37,0.0,1,0
722,15,13418.0,29,32,9,1,1166.0,0,0
723,15,145257.0,138,98,1,1,1200.0,0,0
724,2,133285.0,185,122,4,48,0.0,1,0
725,15,1998302.0,82,88,14,39,2400.0,0,0
726,15,479161.0,162,57,43,38,1021.0,1,0
727,15,198653.0,177,122,44,56,342.0,1,0
728,15,375714.0,68,32,9,1,0.0,0,0
729,15,78111.0,29,32,9,55,0.0,1,0
730,15,111650.0,7,63,19,37,3600.0,0,0
731,15,126084.0,97,71,43,1,1200.0,0,0
732,15,83842.0,135,54,16,38,1200.0,1,0
733,15,14913.0,185,4,4,37,90.0,1,0
734,15,176805.0,100,87,36,39,1200.0,1,0
735,15,62607.0,96,14,18,12,1200.0,0,0
736,15,212489.0,20,12,40,1,800.0,0,0
737,15,170311.0,13,121,20,22,0.0,0,0
738,15,154921.0,94,7,43,2,1400.0,0,0
739,3,237542.0,26,94,10,2,785.0,0,0
740,15,80409.0,69,46,45,22,1200.0,0,0
741,15,519222.0,138,98,1,1,0.0,0,0
742,3,172847.0,100,87,36,39,0.0,1,0
743,15,110745.0,100,56,36,34,0.0,1,0
744,15,174888.0,32,73,42,6,0.0,0,0
745,15,627361.0,29,32,9,55,0.0,1,0
746,15,48381.0,49,32,9,1,0.0,0,0
747,15,110819.0,106,40,43,38,0.0,1,0
748,15,329060.0,95,31,24,1,400.0,0,0
749,15,113839.0,57,72,35,33,1037.0,0,0
750,0,200844.0,177,90,13,39,941.0,1,0
751,3,912304.0,27,9,34,38,1200.0,1,0
752,15,101261.0,14,108,22,36,11392.0,0,0
753,15,318258.0,102,38,1,1,1200.0,0,0
754,15,52557.0,142,28,2,38,1200.0,1,0
755,15,306781.0,185,97,4,38,1200.0,1,0
756,15,60619.0,165,50,3,36,0.0,1,0
757,15,102006.0,199,42,4,38,960.0,1,0
758,15,95636.0,102,99,1,1,1144.0,0,0
759,15,221559.0,123,89,9,36,2400.0,1,0
760,3,90946.0,197,85,4,39,0.0,1,0
761,15,285160.0,107,81,43,1,2390.0,0,0
762,15,60632.0,25,107,10,36,12000.0,1,0
763,15,396097.0,65,25,27,2,0.0,0,0
764,15,93060.0,128,95,43,15,1200.0,0,0
765,15,26874.0,6,8,22,36,1200.0,0,0
766,1,111398.0,17,113,38,36,2780.0,1,0
767,15,90721.0,97,71,43,1,1200.0,0,0
768,15,177533.0,2,11,34,20,2842.0,0,0
769,15,157910.0,163,86,5,39,0.0,1,0
770,15,150908.0,30,109,17,1,1890.0,0,0
771,15,178109.0,107,15,43,39,1200.0,1,0
772,15,232422.0,15,113,34,36,1200.0,0,0
773,1,335124.0,149,14,18,1,0.0,1,0
774,15,96882.0,163,55,5,37,0.0,1,0
775,15,92411.0,6,8,22,36,1200.0,0,0
776,15,84362.0,31,44,10,1,1200.0,0,0
777,15,716922.0,19,25,27,1,648.0,0,0
778,15,24804.0,6,119,22,37,1200.0,0,0
779,15,162194.0,9,53,38,35,6000.0,0,0
780,1,64423.0,134,49,23,37,0.0,1,0
781,15,164781.0,106,40,43,37,1174.0,1,0
782,15,77507.0,140,35,1,1,1200.0,0,0
783,15,124641.0,29,32,9,1,1200.0,0,0
784,15,46916.0,3,43,34,37,1200.0,0,0
785,1,75377.0,164,55,5,37,1200.0,1,0
786,15,195434.0,112,64,42,6,1200.0,0,0
787,15,141897.0,122,45,12,38,2600.0,1,0
788,1,429590.0,13,36,20,27,0.0,0,0
789,2,727319.0,15,113,34,34,1200.0,0,0
790,15,193081.0,135,54,16,39,1200.0,1,0
791,15,294841.0,144,66,23,34,1200.0,1,0
792,15,94688.0,106,40,36,34,1200.0,1,0
793,15,52361.0,97,71,43,51,1200.0,1,0
794,15,231320.0,153,10,28,38,1000.0,1,0
795,15,121973.0,106,40,43,38,1200.0,1,0
796,15,125299.0,71,73,42,2,800.0,0,0
797,15,237100.0,97,71,43,51,1190.0,1,0
798,15,29900.0,14,108,22,37,966.0,0,0
799,15,303607.0,140,77,1,1,0.0,0,0
800,15,8575.0,49,32,9,37,454.0,0,0
801,15,38232.0,185,102,4,39,0.0,1,0
802,15,210977.0,42,109,17,7,772.0,0,0
803,15,119528.0,153,49,23,38,0.0,1,0
804,15,105293.0,138,13,1,2,1200.0,0,0
805,15,-1813.0,185,4,4,37,400.0,1,0
806,15,76580.0,49,32,9,1,0.0,0,0
807,15,148501.0,2,111,34,20,200.0,0,0
808,15,72760.0,97,95,43,25,1200.0,0,0
809,15,70890.0,68,32,9,37,0.0,0,0
810,15,19865.0,182,27,4,38,1190.0,1,0
811,15,82386.0,92,31,16,36,1200.0,1,0
812,15,310898.0,177,79,44,38,0.0,1,0
813,15,366535.0,112,64,25,1,501.0,0,0
814,15,22329.0,187,47,4,34,0.0,1,0
815,15,157657.0,102,23,1,2,1200.0,0,0
816,15,217713.0,49,32,9,1,1000.0,0,0
817,15,95293.0,185,4,4,36,1200.0,1,0
818,15,894213.0,131,6,36,34,400.0,1,0
819,15,137486.0,2,11,6,37,0.0,0,0
820,15,31574.0,6,8,22,36,0.0,0,0
821,15,273381.0,25,93,10,2,1200.0,0,0
822,15,43069.0,30,109,17,6,4524.0,0,0
823,15,26153.0,6,119,22,38,1200.0,0,0
824,3,378202.0,9,53,38,39,1200.0,1,0
825,15,254550.0,15,113,34,37,1200.0,0,0
826,15,68989.0,20,12,40,1,600.0,0,0
827,15,201545.0,140,77,1,1,0.0,0,0
828,15,25565.0,185,4,4,36,1200.0,1,0
829,15,31104.0,29,32,9,37,1400.0,0,0
830,15,223455.0,185,118,4,37,1200.0,1,0
831,15,333577.0,42,106,17,1,779.0,0,0
832,12,254194.0,153,49,28,38,0.0,1,0
833,12,241501.0,15,113,34,39,0.0,0,0
834,15,30127.0,187,47,4,39,0.0,1,0
835,15,125435.0,102,77,1,1,1200.0,0,0
836,15,51319.0,97,95,43,1,1200.0,0,0
837,15,76282.0,40,105,9,38,1180.0,0,0
838,16,354773.0,135,54,16,39,1190.0,1,0
839,15,135609.0,93,62,48,38,1200.0,1,0
840,15,230740.0,177,79,44,39,1190.0,1,0
841,15,46486.0,185,27,4,36,0.0,1,0
842,1,158590.0,138,89,9,2,3315.0,1,0
843,13,286978.0,35,32,9,0,400.0,0,0
844,15,211066.0,6,8,22,36,1200.0,0,0
845,3,71939.0,17,70,38,39,1200.0,1,0
846,15,60159.0,185,120,4,36,0.0,1,0
847,15,166468.0,135,54,16,51,2400.0,1,0
848,1,97938.0,33,9,34,22,1200.0,1,0
849,15,91667.0,6,2,22,38,1200.0,0,0
850,0,103475.0,128,40,43,38,1200.0,1,0
851,1,87954.0,104,41,24,1,1200.0,0,0
852,15,307515.0,24,9,46,34,1190.0,0,0
853,15,60854.0,5,52,38,22,1200.0,0,0
854,15,167132.0,191,83,47,39,1200.0,1,0
855,15,3540.0,97,71,43,1,1200.0,0,0
856,15,69667.0,135,54,16,37,901.0,1,0
857,15,111317.0,182,27,4,34,1000.0,1,0
858,15,252271.0,185,102,4,34,0.0,1,0
859,15,178820.0,49,32,9,37,0.0,0,0
860,15,242082.0,87,101,24,39,1103.0,1,0
861,15,493646.0,119,78,17,7,1200.0,0,0
862,15,383091.0,88,34,14,51,0.0,1,0
863,15,25043.0,133,101,14,39,0.0,1,0
864,15,275375.0,6,119,22,36,600.0,0,0
865,15,18228.0,2,84,31,20,1166.0,0,0
866,15,178134.0,2,111,34,21,0.0,0,0
867,0,157184.0,97,71,43,23,801.0,1,0
868,15,437167.0,152,65,29,36,16598.0,1,0
869,15,0.0,113,15,43,39,0.0,1,0
870,15,113715.0,87,101,24,38,1200.0,1,0
871,15,370999.0,85,31,16,38,1200.0,1,0
872,15,182499.0,31,89,9,2,617.0,0,0
873,15,2053.0,2,84,31,20,1400.0,0,0
874,15,234786.0,102,99,1,1,1200.0,0,0
875,1,139974.0,8,12,40,1,671.0,0,0
876,15,137221.0,9,113,38,38,1200.0,0,0
877,15,136274.0,97,71,43,25,1200.0,0,0
878,15,177438.0,2,16,34,20,0.0,0,0
879,15,255438.0,138,98,25,1,0.0,0,0
880,15,128739.0,2,48,34,14,1200.0,0,0
881,15,253200.0,84,31,24,2,1200.0,0,0
882,15,59103.0,40,105,9,38,1166.0,0,0
883,15,328047.0,15,113,34,37,3080.0,0,0
884,15,214417.0,120,56,36,39,1200.0,1,0
885,15,301539.0,134,49,23,38,0.0,1,0
886,15,48466.0,94,7,43,1,0.0,0,0
887,0,159282.0,139,114,26,39,590.0,1,0
888,15,183537.0,25,51,10,2,1200.0,0,0
889,15,219994.0,61,108,22,38,1000.0,0,0
890,15,77834.0,83,54,16,38,818.0,1,0
891,15,51204.0,143,13,1,1,1007.0,0,0
892,15,83759.0,29,58,9,1,0.0,0,0
893,15,141680.0,195,79,33,38,1200.0,1,0
894,15,48275.0,28,96,15,36,1190.0,0,0
895,15,144615.0,6,2,22,36,1200.0,0,0
896,0,168159.0,154,10,41,39,1186.0,1,0
897,15,6677121.0,12,100,45,16,0.0,0,0
898,15,1187197.0,40,105,9,34,1200.0,0,0
899,15,140241.0,2,111,34,20,1190.0,0,0
900,0,334396.0,104,60,14,38,1200.0,1,0
901,15,95787.0,191,83,47,39,476.0,1,0
902,15,99717.0,186,4,4,36,600.0,1,0
903,15,304578.0,104,78,17,7,1200.0,0,0
904,15,212870.0,51,8,22,36,0.0,0,0
905,15,154240.0,87,41,24,39,1190.0,1,0
906,15,127768.0,91,66,23,38,0.0,1,0
907,15,596117.0,25,107,10,2,1200.0,0,0
908,15,246965.0,122,45,12,36,1165.0,1,0
909,15,420206.0,152,65,29,36,16598.0,1,0
910,15,346591.0,124,95,43,1,1200.0,0,0
911,15,211550.0,108,57,43,1,0.0,0,0
912,15,79405.0,142,37,2,2,0.0,0,0
913,15,54814.0,2,29,31,24,600.0,0,0
914,15,562911.0,86,13,1,1,1200.0,0,0
915,15,298935.0,15,113,34,38,1200.0,0,0
916,15,74184.0,16,75,17,7,1154.0,0,0
917,15,70177.0,193,102,4,36,1190.0,1,0
918,3,149075.0,70,70,38,37,1140.0,1,0
919,15,62487.0,36,72,35,7,1200.0,0,0
920,15,132711.0,11,70,35,6,564.0,0,0
921,15,272018.0,104,37,42,1,1200.0,0,0
922,12,131723.0,142,104,2,1,1200.0,0,0
923,15,179308.0,51,108,22,36,11392.0,1,0
924,15,129441.0,11,70,35,6,1200.0,0,0
925,15,166387.0,142,28,2,1,1200.0,0,0
926,15,32414.0,82,88,14,37,0.0,0,0
927,15,51319.0,94,7,43,1,0.0,0,0
928,15,315647.0,43,72,35,1,0.0,0,0
929,15,145334.0,82,88,14,38,0.0,0,0
930,2,176425.0,66,46,45,39,1200.0,1,0
931,15,47592.0,102,38,1,1,0.0,0,0
932,15,70657.0,113,15,43,39,0.0,1,0
933,15,94540.0,6,8,22,36,0.0,0,0
934,15,0.0,40,105,9,1,200.0,0,0
935,15,60202.0,2,84,31,25,1200.0,0,0
936,15,200677.0,102,23,1,1,735.0,0,0
937,15,155303.0,112,91,25,1,1200.0,0,0
938,15,51221.0,182,27,4,36,0.0,1,0
939,15,218442.0,95,41,24,34,1200.0,1,0
940,15,356416.0,18,25,27,1,0.0,0,0
941,15,388106.0,159,24,11,36,7575.0,1,0
942,15,108675.0,72,103,8,22,0.0,0,0
943,15,21713.0,185,118,4,37,1200.0,1,0
944,15,29444.0,126,21,42,2,0.0,0,0
945,1,841920.0,140,23,1,2,0.0,1,0
946,15,292611.0,25,93,10,1,0.0,0,0
947,15,90850.0,175,59,43,37,1200.0,1,0
948,0,65016.0,185,27,4,37,1200.0,1,0
949,15,76974.0,82,88,15,37,2400.0,1,0
950,15,130734.0,85,31,16,38,1200.0,1,0
951,15,470758.0,185,4,4,1,0.0,0,0
952,15,136831.0,117,91,25,1,1200.0,0,0
953,15,44563.0,51,108,22,36,11392.0,1,0
954,15,244595.0,82,88,14,36,1176.0,0,0
955,15,3604.0,16,72,35,6,410.0,0,0
956,15,98545.0,72,103,20,33,100.0,0,0
957,15,51022.0,154,10,41,39,8912.0,1,0
958,15,169261.0,131,6,36,34,1200.0,1,0
959,15,24752.0,35,116,9,12,0.0,0,0
960,15,50408.0,97,71,43,1,2006.0,0,0
961,15,88517.0,82,88,14,37,1200.0,1,0
962,1,74873.0,80,46,49,22,1200.0,1,0
963,15,6334.0,97,71,43,39,1000.0,1,0
964,15,127511.0,30,109,17,7,2400.0,0,0
965,15,74000.0,34,111,6,49,1200.0,0,0
966,15,555680.0,191,17,47,39,200.0,1,0
967,15,2652.0,185,39,4,36,400.0,1,0
968,15,56152.0,126,21,42,2,410.0,0,0
969,15,10305.0,177,79,44,37,1200.0,1,0
970,15,74234.0,6,119,22,36,1200.0,0,0
971,15,297150.0,104,101,14,1,3600.0,0,0
972,15,24748.0,2,84,31,33,1096.0,0,0
973,15,2969191.0,97,71,43,1,1200.0,0,0
974,15,6990.0,195,117,33,52,400.0,1,0
975,15,166835.0,43,72,35,2,0.0,0,0
976,15,59477.0,152,45,29,38,7050.0,1,0
977,15,60797.0,113,15,43,25,0.0,0,0
978,15,127727.0,6,8,22,37,1200.0,0,0
979,15,74098.0,197,85,4,39,0.0,1,0
980,15,413036.0,36,72,35,7,1200.0,0,0
981,15,99597.0,12,121,20,22,1200.0,0,0
982,15,21374.0,40,105,9,12,1000.0,0,0
983,0,286316.0,87,41,24,2,0.0,0,0
984,15,70086.0,20,12,40,1,600.0,0,0
985,15,57046.0,163,86,5,37,1200.0,1,0
986,15,311537.0,126,37,42,1,1200.0,0,0
987,15,11363.0,82,88,14,38,2400.0,1,0
988,0,81431.0,120,87,36,34,1200.0,1,0
989,15,40824.0,185,4,4,39,1200.0,1,0
990,15,126639.0,16,109,17,6,3600.0,0,0
991,15,180171.0,102,99,1,1,0.0,0,0
992,2,282965.0,107,15,43,1,4800.0,1,0
993,15,41751.0,35,32,9,1,1200.0,0,0
994,1,86867.0,97,71,43,25,0.0,1,0
995,15,31689.0,126,37,42,1,1200.0,0,0
996,15,110615.0,67,12,40,1,400.0,0,0
997,15,264324.0,125,110,48,38,0.0,1,0
998,1,197806.0,23,44,10,2,1200.0,0,0
999,15,258348.0,2,19,34,21,200.0,0,0
1000,15,209648.0,117,91,25,1,1200.0,0,0
1001,15,391503.0,4,94,10,1,1200.0,0,0
1002,15,7167.0,49,32,9,46,0.0,1,0
1003,15,236289.0,2,11,34,20,2842.0,0,0
1004,15,81816.0,140,77,1,1,0.0,0,0
1005,15,88013.0,25,107,10,36,12000.0,1,0
1006,15,268138.0,2,111,6,37,200.0,0,0
1007,12,309326.0,25,44,10,1,0.0,0,0
1008,1,508087.0,155,104,2,1,1200.0,1,0
1009,15,303964.0,177,79,44,39,1200.0,1,0
1010,12,159958.0,121,40,43,38,1200.0,1,0
1011,0,219875.0,8,94,10,1,1200.0,0,0
1012,15,20208.0,185,27,4,39,1200.0,1,0
1013,15,764247.0,56,106,17,4,0.0,0,0
1014,15,49372.0,193,102,4,53,0.0,1,0
1015,1,31833.0,154,10,41,38,0.0,1,0
1016,15,450811.0,13,121,20,23,1200.0,0,0
1017,15,236588.0,122,65,29,36,0.0,1,0
1018,15,139272.0,25,107,10,2,75.0,0,0
1019,0,41155.0,80,112,49,1,1055.0,0,0
1020,3,88643.0,5,52,38,37,1128.0,1,0
1021,15,132230.0,94,122,43,1,0.0,0,0
1022,15,120721.0,142,37,2,2,1186.0,0,0
1023,15,31004.0,6,119,22,38,390.0,0,0
1024,15,24366.0,35,116,9,1,1200.0,0,0
1025,15,484193.0,4,94,10,2,1388.0,0,0
1026,15,142166.0,2,84,31,20,1200.0,0,0
1027,15,139503.0,97,95,43,36,1200.0,1,0
1028,15,127286.0,192,67,37,39,0.0,1,0
1029,15,319330.0,113,15,43,25,1200.0,0,0
1030,15,216885.0,8,94,10,2,1200.0,0,0
1031,15,560971.0,96,44,18,1,0.0,0,0
1032,9,243629.0,9,53,38,39,1200.0,0,0
1033,15,158890.0,65,51,40,2,1200.0,0,0
1034,15,237086.0,2,48,34,21,1200.0,0,0
1035,15,39387.0,40,105,9,1,0.0,0,0
1036,15,214204.0,62,75,17,7,0.0,0,0
1037,1,179534.0,47,12,40,1,646.0,0,0
1038,15,193127.0,140,35,1,1,1200.0,0,0
1039,15,133896.0,34,11,6,37,1005.0,0,0
1040,15,219039.0,185,39,4,36,1200.0,1,0
1041,15,145253.0,102,23,1,1,1200.0,0,0
1042,15,0.0,34,111,6,37,0.0,0,0
1043,15,239733.0,87,60,14,36,6736.0,1,0
1044,15,82209.0,139,10,28,38,1200.0,1,0
1045,15,102063.0,147,98,25,2,0.0,0,0
1046,15,177569.0,19,25,27,11,0.0,0,0
1047,15,222986.0,62,75,17,7,0.0,0,0
1048,15,446156.0,91,110,48,37,0.0,0,0
1049,15,237788.0,97,71,43,1,0.0,0,0
1050,15,23984.0,2,111,34,20,2200.0,0,0
1051,15,126678.0,34,111,6,34,400.0,0,0
1052,3,197131.0,95,31,24,33,1200.0,1,0
1053,0,184469.0,87,41,24,1,3159.0,0,0
1054,0,80727.0,164,55,5,38,4469.0,1,0
1055,3,157068.0,83,31,24,40,8400.0,1,0
1056,15,73960.0,154,10,41,38,0.0,1,0
1057,15,72474.0,6,8,22,36,0.0,0,0
1058,15,194418.0,163,55,5,39,1000.0,1,0
1059,5,128194.0,189,42,4,50,0.0,1,0
1060,15,346718.0,153,10,28,38,1200.0,1,0
1061,15,111552.0,94,7,43,37,0.0,1,0
1062,15,65252.0,95,41,24,6,1200.0,0,0
1063,15,86077.0,97,71,43,1,0.0,0,0
1064,15,14638.0,82,88,14,36,0.0,0,0
1065,15,239264.0,159,24,11,39,1200.0,1,0
1066,15,366564.0,111,37,42,2,793.0,0,0
1067,15,360486.0,177,79,44,38,909.0,1,0
1068,15,35578.0,2,84,31,20,1190.0,0,0
1069,15,343300.0,124,56,36,39,0.0,1,0
1070,15,1585.0,126,21,42,1,280.0,0,0
1071,15,109732.0,28,96,15,1,200.0,0,0
1072,15,427039.0,2,16,34,20,1200.0,0,0
1073,15,135605.0,14,108,22,16,1190.0,0,0
1074,15,224622.0,18,25,27,11,1200.0,0,0
1075,15,610783.0,96,14,18,2,1200.0,0,0
1076,15,316496.0,98,18,12,38,0.0,1,0
1077,15,140863.0,5,103,8,22,1200.0,0,0
1078,15,109156.0,173,82,26,39,1200.0,1,0
1079,15,262760.0,72,103,20,23,895.0,0,0
1080,15,157527.0,113,15,43,39,4800.0,1,0
1081,15,22421.0,185,27,4,36,1200.0,1,0
1082,15,144527.0,25,107,10,2,0.0,0,0
1083,15,168839.0,2,11,34,26,2400.0,0,0
1084,15,91668.0,191,83,47,39,1200.0,1,0
1085,15,125053.0,35,32,9,55,0.0,1,0
1086,15,85834.0,42,109,17,7,1000.0,0,0
1087,15,94317.0,76,108,15,37,1200.0,0,0
1088,15,271958.0,15,113,34,37,3080.0,0,0
1089,0,119361.0,174,114,41,38,1125.0,1,0
1090,15,55824.0,152,65,29,36,0.0,1,0
1091,15,200618.0,65,25,27,2,0.0,0,0
1092,15,107257.0,2,19,31,26,0.0,0,0
1093,15,251516.0,185,118,4,40,1000.0,1,0
1094,15,27236.0,97,95,43,1,1200.0,0,0
1095,15,271928.0,183,67,37,39,0.0,1,0
1096,15,128354.0,185,118,4,40,0.0,1,0
1097,15,139075.0,79,53,49,36,0.0,0,0
1098,15,202878.0,6,8,22,36,1200.0,0,0
1099,15,353232.0,2,84,31,20,1200.0,0,0
1100,15,55487.0,40,105,9,12,0.0,0,0
1101,15,129080.0,96,14,18,1,1200.0,0,0
1102,15,119717.0,193,118,4,36,1200.0,1,0
1103,15,337414.0,185,120,4,36,0.0,1,0
1104,15,78150.0,159,24,11,36,7575.0,1,0
1105,15,16382.0,6,119,22,37,0.0,0,0
1106,15,329896.0,177,90,44,39,1200.0,1,0
1107,0,230588.0,177,79,44,39,0.0,1,0
1108,15,805724.0,94,7,43,2,4725.0,0,0
1109,15,162618.0,144,110,48,39,6634.0,1,0
1110,12,90639.0,110,31,24,34,1200.0,1,0
1111,15,141216.0,48,2,35,36,2233.0,0,0
1112,15,166103.0,129,88,48,38,1200.0,1,0
1113,15,157145.0,21,94,10,2,0.0,0,0
1114,15,494092.0,71,77,10,2,1000.0,0,0
1115,15,253385.0,112,104,2,1,1200.0,0,0
1116,15,733256.0,185,120,4,36,0.0,1,0
1117,1,103509.0,80,53,49,36,2389.0,1,0
1118,15,82132.0,29,58,9,1,1200.0,0,0
1119,15,191808.0,177,90,44,38,1200.0,1,0
1120,15,323734.0,133,74,14,38,1200.0,1,0
1121,15,61815.0,30,109,17,7,1200.0,0,0
1122,3,278716.0,83,31,24,40,8400.0,1,0
1123,15,103918.0,132,64,25,1,1200.0,0,0
1124,15,267380.0,2,16,34,20,0.0,0,0
1125,15,425260.0,2,92,34,36,1200.0,0,0
1126,15,111074.0,67,12,40,1,0.0,0,0
1127,15,238260.0,2,52,34,24,1200.0,0,0
1128,0,23172.0,174,114,41,39,8912.0,1,0
1129,15,227725.0,6,2,22,36,856.0,0,0
1130,15,53092.0,40,105,9,38,1190.0,0,0
1131,15,110166.0,10,72,15,1,200.0,0,0
1132,15,118526.0,197,85,4,37,1200.0,1,0
1133,15,62130.0,29,32,9,1,1200.0,0,0
1134,15,44222.0,2,48,31,24,1200.0,0,0
1135,15,265743.0,147,98,25,38,0.0,1,0
1136,15,54692.0,2,29,31,26,1200.0,0,0
1137,15,379936.0,135,54,16,37,1200.0,1,0
1138,15,777655.0,2,111,34,46,400.0,0,0
1139,0,72368.0,121,40,43,37,1200.0,1,0
1140,15,243555.0,143,13,1,2,1100.0,0,0
1141,15,350.0,2,19,34,19,200.0,0,0
1142,15,1088625.0,48,2,35,38,0.0,0,0
1143,15,66795.0,165,50,3,38,0.0,1,0
1144,15,131123.0,129,62,48,38,1200.0,1,0
1145,15,234518.0,97,71,43,1,1200.0,0,0
1146,15,209562.0,47,12,40,37,1200.0,0,0
1147,15,125398.0,31,44,10,2,1200.0,0,0
1148,15,60310.0,163,55,5,37,506.0,1,0
1149,3,66625.0,142,104,2,1,1200.0,0,0
1150,15,235189.0,107,15,43,39,943.0,1,0
1151,15,231794.0,29,32,9,1,770.0,0,0
1152,1,98511.0,2,92,34,33,0.0,0,0
1153,1,241407.0,199,42,4,50,0.0,1,0
1154,15,233680.0,137,101,14,39,3600.0,1,0
1155,15,307488.0,102,38,1,1,0.0,0,0
1156,15,162841.0,18,25,27,1,0.0,0,0
1157,15,90221.0,7,63,19,37,1200.0,0,0
1158,15,208039.0,58,112,49,6,1200.0,0,0
1159,15,197087.0,120,87,36,34,1200.0,1,0
1160,15,10104.0,5,26,31,39,0.0,0,0
1161,15,153501.0,107,15,43,1,4800.0,0,0
1162,15,31692.0,102,99,1,1,1200.0,0,0
1163,15,370729.0,102,23,1,2,374.0,0,0
1164,15,83237.0,28,96,15,27,400.0,0,0
1165,15,130244.0,2,48,34,20,172.0,0,0
1166,15,5019.0,60,122,9,1,0.0,0,0
1167,15,174625.0,126,21,42,1,1200.0,0,0
1168,0,108786.0,136,45,12,28,1000.0,1,0
1169,15,69401.0,2,11,34,21,1190.0,0,0
1170,15,142747.0,112,91,25,1,1200.0,0,0
1171,1,149174.0,199,42,4,37,2400.0,1,0
1172,15,11460.0,126,109,42,6,1190.0,0,0
1173,15,350.0,120,87,36,34,1200.0,1,0
1174,15,126282.0,147,98,25,37,1200.0,1,0
1175,15,333572.0,7,63,19,39,1200.0,0,0
1176,15,174078.0,6,8,22,36,1200.0,0,0
